-- phpMyAdmin SQL Dump
-- version 5.0.2
-- https://www.phpmyadmin.net/
--
-- Host: 127.0.0.1:3306
-- Generation Time: Dec 04, 2021 at 04:29 PM
-- Server version: 5.7.31
-- PHP Version: 7.3.21

SET SQL_MODE = "NO_AUTO_VALUE_ON_ZERO";
START TRANSACTION;
SET time_zone = "+00:00";


/*!40101 SET @OLD_CHARACTER_SET_CLIENT=@@CHARACTER_SET_CLIENT */;
/*!40101 SET @OLD_CHARACTER_SET_RESULTS=@@CHARACTER_SET_RESULTS */;
/*!40101 SET @OLD_COLLATION_CONNECTION=@@COLLATION_CONNECTION */;
/*!40101 SET NAMES utf8mb4 */;

--
-- Database: `mcms_db`
--

-- --------------------------------------------------------

--
-- Table structure for table `ci_sessions`
--

DROP TABLE IF EXISTS `ci_sessions`;
CREATE TABLE IF NOT EXISTS `ci_sessions` (
  `id` varchar(40) CHARACTER SET latin1 COLLATE latin1_spanish_ci NOT NULL,
  `ip_address` varchar(45) CHARACTER SET latin1 COLLATE latin1_spanish_ci NOT NULL,
  `timestamp` int(10) UNSIGNED NOT NULL,
  `data` blob NOT NULL
) ENGINE=MyISAM DEFAULT CHARSET=latin1;

--
-- Dumping data for table `ci_sessions`
--

INSERT INTO `ci_sessions` (`id`, `ip_address`, `timestamp`, `data`) VALUES
('12vvu7f0e23hi495ioo4q0qbckekucln', '127.0.0.1', 1638558242, 0x5f5f63695f6c6173745f726567656e65726174657c693a313633383535383233343b6f62615f757365726261636b656e6473657373696f6e7c733a313a2231223b6f62615f69735f6c6f676765645f696e6261636b656e6473657373696f6e7c693a313b6f62615f76557365724e616d656261636b656e6473657373696f6e7c733a373a226c616b6d696e69223b6f62615f6955736572547970654261636b656e6473657373696f6e7c733a313a2231223b6f62615f6955736572547970654e616d656261636b656e6473657373696f6e7c733a31393a2253757065722041646d696e6973747261746f72223b6f62615f7646697273744e616d656261636b656e6473657373696f6e7c733a373a224c616b6d696e69223b6f62615f764c6173744e616d656261636b656e6473657373696f6e7c733a31303a225275706173696e676865223b),
('0kf07v3t64aojlqf0qrdslarp3bb9oc9', '127.0.0.1', 1638558234, 0x5f5f63695f6c6173745f726567656e65726174657c693a313633383535383233343b6f62615f757365726261636b656e6473657373696f6e7c733a313a2231223b6f62615f69735f6c6f676765645f696e6261636b656e6473657373696f6e7c693a313b6f62615f76557365724e616d656261636b656e6473657373696f6e7c733a373a226c616b6d696e69223b6f62615f6955736572547970654261636b656e6473657373696f6e7c733a313a2231223b6f62615f6955736572547970654e616d656261636b656e6473657373696f6e7c733a31393a2253757065722041646d696e6973747261746f72223b6f62615f7646697273744e616d656261636b656e6473657373696f6e7c733a373a224c616b6d696e69223b6f62615f764c6173744e616d656261636b656e6473657373696f6e7c733a31303a225275706173696e676865223b),
('bo01hqn52qtr0dd18i31k3er4o1hcgq5', '127.0.0.1', 1638099652, 0x5f5f63695f6c6173745f726567656e65726174657c693a313633383039393635323b6f62615f757365726261636b656e6473657373696f6e7c733a313a2231223b6f62615f69735f6c6f676765645f696e6261636b656e6473657373696f6e7c693a313b6f62615f76557365724e616d656261636b656e6473657373696f6e7c733a373a226c616b6d696e69223b6f62615f6955736572547970654261636b656e6473657373696f6e7c733a313a2231223b6f62615f6955736572547970654e616d656261636b656e6473657373696f6e7c733a31393a2253757065722041646d696e6973747261746f72223b6f62615f7646697273744e616d656261636b656e6473657373696f6e7c733a373a224c616b6d696e69223b6f62615f764c6173744e616d656261636b656e6473657373696f6e7c733a31303a225275706173696e676865223b),
('j3scbbbgdclold0m5rp7slcaq5nm4mpj', '127.0.0.1', 1638099652, 0x5f5f63695f6c6173745f726567656e65726174657c693a313633383039393635323b6f62615f757365726261636b656e6473657373696f6e7c733a313a2231223b6f62615f69735f6c6f676765645f696e6261636b656e6473657373696f6e7c693a313b6f62615f76557365724e616d656261636b656e6473657373696f6e7c733a373a226c616b6d696e69223b6f62615f6955736572547970654261636b656e6473657373696f6e7c733a313a2231223b6f62615f6955736572547970654e616d656261636b656e6473657373696f6e7c733a31393a2253757065722041646d696e6973747261746f72223b6f62615f7646697273744e616d656261636b656e6473657373696f6e7c733a373a224c616b6d696e69223b6f62615f764c6173744e616d656261636b656e6473657373696f6e7c733a31303a225275706173696e676865223b),
('raft7db6j25aapc9bbi9kpi9rsrp7gn8', '127.0.0.1', 1636315780, 0x5f5f63695f6c6173745f726567656e65726174657c693a313633363331353638393b7c4e3b6f62615f757365726261636b656e6473657373696f6e7c733a313a2231223b6f62615f69735f6c6f676765645f696e6261636b656e6473657373696f6e7c693a313b6f62615f76557365724e616d656261636b656e6473657373696f6e7c733a373a226c616b6d696e69223b6f62615f6955736572547970654261636b656e6473657373696f6e7c733a313a2231223b6f62615f6955736572547970654e616d656261636b656e6473657373696f6e7c733a31393a2253757065722041646d696e6973747261746f72223b6f62615f7646697273744e616d656261636b656e6473657373696f6e7c733a373a224c616b6d696e69223b6f62615f764c6173744e616d656261636b656e6473657373696f6e7c733a31303a225275706173696e676865223b),
('43p306mru029s4nd47dfcvlibs9578jt', '127.0.0.1', 1636315689, 0x5f5f63695f6c6173745f726567656e65726174657c693a313633363331353638393b7c4e3b6f62615f757365726261636b656e6473657373696f6e7c733a313a2231223b6f62615f69735f6c6f676765645f696e6261636b656e6473657373696f6e7c693a313b6f62615f76557365724e616d656261636b656e6473657373696f6e7c733a373a226c616b6d696e69223b6f62615f6955736572547970654261636b656e6473657373696f6e7c733a313a2231223b6f62615f6955736572547970654e616d656261636b656e6473657373696f6e7c733a31393a2253757065722041646d696e6973747261746f72223b6f62615f7646697273744e616d656261636b656e6473657373696f6e7c733a373a224c616b6d696e69223b6f62615f764c6173744e616d656261636b656e6473657373696f6e7c733a31303a225275706173696e676865223b),
('c7gfrelbjusledf3otekhqtp690e14au', '127.0.0.1', 1636315353, 0x5f5f63695f6c6173745f726567656e65726174657c693a313633363331353335333b7c4e3b6f62615f757365726261636b656e6473657373696f6e7c733a333a22323233223b6f62615f69735f6c6f676765645f696e6261636b656e6473657373696f6e7c693a313b6f62615f76557365724e616d656261636b656e6473657373696f6e7c733a353a226b616d616c223b6f62615f6955736572547970654261636b656e6473657373696f6e7c733a323a223333223b6f62615f6955736572547970654e616d656261636b656e6473657373696f6e7c733a363a22446f63746f72223b6f62615f7646697273744e616d656261636b656e6473657373696f6e7c733a393a2244722e204b616d616c223b6f62615f764c6173744e616d656261636b656e6473657373696f6e7c733a31313a224e616e6179616b6b617261223b),
('jo295atr2943lkhmkh80tr2u7tghg44g', '127.0.0.1', 1636315005, 0x5f5f63695f6c6173745f726567656e65726174657c693a313633363331353030353b6f62615f757365726261636b656e6473657373696f6e7c733a333a22323230223b6f62615f69735f6c6f676765645f696e6261636b656e6473657373696f6e7c693a313b6f62615f76557365724e616d656261636b656e6473657373696f6e7c733a373a226e696c616e6761223b6f62615f6955736572547970654261636b656e6473657373696f6e7c733a323a223334223b6f62615f6955736572547970654e616d656261636b656e6473657373696f6e7c733a373a2250617469656e74223b6f62615f7646697273744e616d656261636b656e6473657373696f6e7c733a373a224e696c616e6761223b6f62615f764c6173744e616d656261636b656e6473657373696f6e7c733a393a2253656e617261746861223b),
('vh2orla3i06c83rm8tpaaa1sggf48kva', '127.0.0.1', 1636314703, 0x5f5f63695f6c6173745f726567656e65726174657c693a313633363331343730333b6f62615f757365726261636b656e6473657373696f6e7c733a333a22323230223b6f62615f69735f6c6f676765645f696e6261636b656e6473657373696f6e7c693a313b6f62615f76557365724e616d656261636b656e6473657373696f6e7c733a373a226e696c616e6761223b6f62615f6955736572547970654261636b656e6473657373696f6e7c733a323a223334223b6f62615f6955736572547970654e616d656261636b656e6473657373696f6e7c733a373a2250617469656e74223b6f62615f7646697273744e616d656261636b656e6473657373696f6e7c733a373a224e696c616e6761223b6f62615f764c6173744e616d656261636b656e6473657373696f6e7c733a393a2253656e617261746861223b),
('4achg7hldcdclvt44t0tsg4cduq91ep6', '127.0.0.1', 1636314355, 0x5f5f63695f6c6173745f726567656e65726174657c693a313633363331343335353b6f62615f757365726261636b656e6473657373696f6e7c733a333a22323232223b6f62615f69735f6c6f676765645f696e6261636b656e6473657373696f6e7c693a313b6f62615f76557365724e616d656261636b656e6473657373696f6e7c733a383a226368616d6f647961223b6f62615f6955736572547970654261636b656e6473657373696f6e7c733a323a223335223b6f62615f6955736572547970654e616d656261636b656e6473657373696f6e7c733a31323a22526563657074696f6e697374223b6f62615f7646697273744e616d656261636b656e6473657373696f6e7c733a383a224368616d6f647961223b6f62615f764c6173744e616d656261636b656e6473657373696f6e7c733a353a2253696c7661223b),
('dcetei4m9lp207mke03megdd43ft4163', '127.0.0.1', 1636314005, 0x5f5f63695f6c6173745f726567656e65726174657c693a313633363331343030353b6f62615f757365726261636b656e6473657373696f6e7c733a333a22323232223b6f62615f69735f6c6f676765645f696e6261636b656e6473657373696f6e7c693a313b6f62615f76557365724e616d656261636b656e6473657373696f6e7c733a383a226368616d6f647961223b6f62615f6955736572547970654261636b656e6473657373696f6e7c733a323a223335223b6f62615f6955736572547970654e616d656261636b656e6473657373696f6e7c733a31323a22526563657074696f6e697374223b6f62615f7646697273744e616d656261636b656e6473657373696f6e7c733a383a224368616d6f647961223b6f62615f764c6173744e616d656261636b656e6473657373696f6e7c733a353a2253696c7661223b),
('ng9j86de3ifn4m7p7d633lpsb7a6iv5q', '127.0.0.1', 1636313697, 0x5f5f63695f6c6173745f726567656e65726174657c693a313633363331333639373b6f62615f757365726261636b656e6473657373696f6e7c733a333a22323336223b6f62615f69735f6c6f676765645f696e6261636b656e6473657373696f6e7c693a313b6f62615f76557365724e616d656261636b656e6473657373696f6e7c733a373a226c697468617261223b6f62615f6955736572547970654261636b656e6473657373696f6e7c733a323a223336223b6f62615f6955736572547970654e616d656261636b656e6473657373696f6e7c733a32323a22506861726d61637920436f756e74657220436c65726b223b6f62615f7646697273744e616d656261636b656e6473657373696f6e7c733a373a224c697468617261223b6f62615f764c6173744e616d656261636b656e6473657373696f6e7c733a31303a225275706173696e676861223b),
('nfr9vpcvv28h5eqv348ldesfn7g746no', '127.0.0.1', 1636287924, 0x5f5f63695f6c6173745f726567656e65726174657c693a313633363238373932343b7c4e3b6f62615f757365726261636b656e6473657373696f6e7c733a313a2231223b6f62615f69735f6c6f676765645f696e6261636b656e6473657373696f6e7c693a313b6f62615f76557365724e616d656261636b656e6473657373696f6e7c733a373a226c616b6d696e69223b6f62615f6955736572547970654261636b656e6473657373696f6e7c733a313a2231223b6f62615f6955736572547970654e616d656261636b656e6473657373696f6e7c733a31393a2253757065722041646d696e6973747261746f72223b6f62615f7646697273744e616d656261636b656e6473657373696f6e7c733a373a224c616b6d696e69223b6f62615f764c6173744e616d656261636b656e6473657373696f6e7c733a31303a225275706173696e676865223b),
('vmai1v2f2lqp5i2o031b7ckj0gpnjnbq', '127.0.0.1', 1636287924, 0x5f5f63695f6c6173745f726567656e65726174657c693a313633363238373932343b7c4e3b6f62615f757365726261636b656e6473657373696f6e7c733a313a2231223b6f62615f69735f6c6f676765645f696e6261636b656e6473657373696f6e7c693a313b6f62615f76557365724e616d656261636b656e6473657373696f6e7c733a373a226c616b6d696e69223b6f62615f6955736572547970654261636b656e6473657373696f6e7c733a313a2231223b6f62615f6955736572547970654e616d656261636b656e6473657373696f6e7c733a31393a2253757065722041646d696e6973747261746f72223b6f62615f7646697273744e616d656261636b656e6473657373696f6e7c733a373a224c616b6d696e69223b6f62615f764c6173744e616d656261636b656e6473657373696f6e7c733a31303a225275706173696e676865223b),
('n703fpngifpldd8it1d845432sdd1llv', '127.0.0.1', 1636286150, 0x5f5f63695f6c6173745f726567656e65726174657c693a313633363238363135303b7c4e3b6f62615f757365726261636b656e6473657373696f6e7c733a313a2231223b6f62615f69735f6c6f676765645f696e6261636b656e6473657373696f6e7c693a313b6f62615f76557365724e616d656261636b656e6473657373696f6e7c733a373a226c616b6d696e69223b6f62615f6955736572547970654261636b656e6473657373696f6e7c733a313a2231223b6f62615f6955736572547970654e616d656261636b656e6473657373696f6e7c733a31393a2253757065722041646d696e6973747261746f72223b6f62615f7646697273744e616d656261636b656e6473657373696f6e7c733a373a224c616b6d696e69223b6f62615f764c6173744e616d656261636b656e6473657373696f6e7c733a31303a225275706173696e676865223b6d6573736167655f73617665647c733a35383a22456d61696c2053656e742026205361766564205375636365737366756c6c792c204170706f696e746d656e74204e756d626572203a2074657374223b5f5f63695f766172737c613a313a7b733a31333a226d6573736167655f7361766564223b733a333a226f6c64223b7d),
('v7i12ejuaduukgdhms4t69k4ttbfokbr', '127.0.0.1', 1636285574, 0x5f5f63695f6c6173745f726567656e65726174657c693a313633363238353537343b7c4e3b6f62615f757365726261636b656e6473657373696f6e7c733a313a2231223b6f62615f69735f6c6f676765645f696e6261636b656e6473657373696f6e7c693a313b6f62615f76557365724e616d656261636b656e6473657373696f6e7c733a373a226c616b6d696e69223b6f62615f6955736572547970654261636b656e6473657373696f6e7c733a313a2231223b6f62615f6955736572547970654e616d656261636b656e6473657373696f6e7c733a31393a2253757065722041646d696e6973747261746f72223b6f62615f7646697273744e616d656261636b656e6473657373696f6e7c733a373a224c616b6d696e69223b6f62615f764c6173744e616d656261636b656e6473657373696f6e7c733a31303a225275706173696e676865223b),
('qd15ulqjudbnni53msa421mjfo1ghkgb', '127.0.0.1', 1636285272, 0x5f5f63695f6c6173745f726567656e65726174657c693a313633363238353237323b7c4e3b6f62615f757365726261636b656e6473657373696f6e7c733a313a2231223b6f62615f69735f6c6f676765645f696e6261636b656e6473657373696f6e7c693a313b6f62615f76557365724e616d656261636b656e6473657373696f6e7c733a373a226c616b6d696e69223b6f62615f6955736572547970654261636b656e6473657373696f6e7c733a313a2231223b6f62615f6955736572547970654e616d656261636b656e6473657373696f6e7c733a31393a2253757065722041646d696e6973747261746f72223b6f62615f7646697273744e616d656261636b656e6473657373696f6e7c733a373a224c616b6d696e69223b6f62615f764c6173744e616d656261636b656e6473657373696f6e7c733a31303a225275706173696e676865223b6d6573736167655f73617665647c733a35383a22456d61696c2053656e742026205361766564205375636365737366756c6c792c204170706f696e746d656e74204e756d626572203a2074657374223b5f5f63695f766172737c613a313a7b733a31333a226d6573736167655f7361766564223b733a333a226f6c64223b7d),
('u297prpep3ooeaimn2jqfqn0lvjnt4an', '127.0.0.1', 1636284928, 0x5f5f63695f6c6173745f726567656e65726174657c693a313633363238343932383b7c4e3b6f62615f757365726261636b656e6473657373696f6e7c733a313a2231223b6f62615f69735f6c6f676765645f696e6261636b656e6473657373696f6e7c693a313b6f62615f76557365724e616d656261636b656e6473657373696f6e7c733a373a226c616b6d696e69223b6f62615f6955736572547970654261636b656e6473657373696f6e7c733a313a2231223b6f62615f6955736572547970654e616d656261636b656e6473657373696f6e7c733a31393a2253757065722041646d696e6973747261746f72223b6f62615f7646697273744e616d656261636b656e6473657373696f6e7c733a373a224c616b6d696e69223b6f62615f764c6173744e616d656261636b656e6473657373696f6e7c733a31303a225275706173696e676865223b),
('3jedkt38fk8307s8ago86edlhe1fd3b0', '127.0.0.1', 1636284515, 0x5f5f63695f6c6173745f726567656e65726174657c693a313633363238343531353b7c4e3b6f62615f757365726261636b656e6473657373696f6e7c733a313a2231223b6f62615f69735f6c6f676765645f696e6261636b656e6473657373696f6e7c693a313b6f62615f76557365724e616d656261636b656e6473657373696f6e7c733a373a226c616b6d696e69223b6f62615f6955736572547970654261636b656e6473657373696f6e7c733a313a2231223b6f62615f6955736572547970654e616d656261636b656e6473657373696f6e7c733a31393a2253757065722041646d696e6973747261746f72223b6f62615f7646697273744e616d656261636b656e6473657373696f6e7c733a373a224c616b6d696e69223b6f62615f764c6173744e616d656261636b656e6473657373696f6e7c733a31303a225275706173696e676865223b),
('sihnj2enaa30nl25gi77fqn8clr5qv8n', '127.0.0.1', 1636284094, 0x5f5f63695f6c6173745f726567656e65726174657c693a313633363238343039343b7c4e3b6f62615f757365726261636b656e6473657373696f6e7c733a313a2231223b6f62615f69735f6c6f676765645f696e6261636b656e6473657373696f6e7c693a313b6f62615f76557365724e616d656261636b656e6473657373696f6e7c733a373a226c616b6d696e69223b6f62615f6955736572547970654261636b656e6473657373696f6e7c733a313a2231223b6f62615f6955736572547970654e616d656261636b656e6473657373696f6e7c733a31393a2253757065722041646d696e6973747261746f72223b6f62615f7646697273744e616d656261636b656e6473657373696f6e7c733a373a224c616b6d696e69223b6f62615f764c6173744e616d656261636b656e6473657373696f6e7c733a31303a225275706173696e676865223b),
('7fvq6im3o9tce2o5pjrgqapulms67k34', '127.0.0.1', 1636283573, 0x5f5f63695f6c6173745f726567656e65726174657c693a313633363238333537333b7c4e3b6f62615f757365726261636b656e6473657373696f6e7c733a313a2231223b6f62615f69735f6c6f676765645f696e6261636b656e6473657373696f6e7c693a313b6f62615f76557365724e616d656261636b656e6473657373696f6e7c733a373a226c616b6d696e69223b6f62615f6955736572547970654261636b656e6473657373696f6e7c733a313a2231223b6f62615f6955736572547970654e616d656261636b656e6473657373696f6e7c733a31393a2253757065722041646d696e6973747261746f72223b6f62615f7646697273744e616d656261636b656e6473657373696f6e7c733a373a224c616b6d696e69223b6f62615f764c6173744e616d656261636b656e6473657373696f6e7c733a31303a225275706173696e676865223b),
('v4rjde33v8vekdp859k40p5dba7f2g7b', '127.0.0.1', 1636283026, 0x5f5f63695f6c6173745f726567656e65726174657c693a313633363238333032363b7c4e3b6f62615f757365726261636b656e6473657373696f6e7c733a313a2231223b6f62615f69735f6c6f676765645f696e6261636b656e6473657373696f6e7c693a313b6f62615f76557365724e616d656261636b656e6473657373696f6e7c733a373a226c616b6d696e69223b6f62615f6955736572547970654261636b656e6473657373696f6e7c733a313a2231223b6f62615f6955736572547970654e616d656261636b656e6473657373696f6e7c733a31393a2253757065722041646d696e6973747261746f72223b6f62615f7646697273744e616d656261636b656e6473657373696f6e7c733a373a224c616b6d696e69223b6f62615f764c6173744e616d656261636b656e6473657373696f6e7c733a31303a225275706173696e676865223b6d6573736167655f73617665647c733a35343a22456d61696c2053656e742026205361766564205375636365737366756c6c792c204170706f696e746d656e74204e756d626572203a20223b5f5f63695f766172737c613a313a7b733a31333a226d6573736167655f7361766564223b733a333a226f6c64223b7d),
('gjkd05d3gd1cm8rbp3pgq5k3u4lqbdbk', '127.0.0.1', 1636282120, 0x5f5f63695f6c6173745f726567656e65726174657c693a313633363238323132303b7c4e3b6f62615f757365726261636b656e6473657373696f6e7c733a313a2231223b6f62615f69735f6c6f676765645f696e6261636b656e6473657373696f6e7c693a313b6f62615f76557365724e616d656261636b656e6473657373696f6e7c733a373a226c616b6d696e69223b6f62615f6955736572547970654261636b656e6473657373696f6e7c733a313a2231223b6f62615f6955736572547970654e616d656261636b656e6473657373696f6e7c733a31393a2253757065722041646d696e6973747261746f72223b6f62615f7646697273744e616d656261636b656e6473657373696f6e7c733a373a224c616b6d696e69223b6f62615f764c6173744e616d656261636b656e6473657373696f6e7c733a31303a225275706173696e676865223b),
('g0q46v0ndkeemc3th6264o01n69njg18', '127.0.0.1', 1636282719, 0x5f5f63695f6c6173745f726567656e65726174657c693a313633363238323731393b7c4e3b6f62615f757365726261636b656e6473657373696f6e7c733a313a2231223b6f62615f69735f6c6f676765645f696e6261636b656e6473657373696f6e7c693a313b6f62615f76557365724e616d656261636b656e6473657373696f6e7c733a373a226c616b6d696e69223b6f62615f6955736572547970654261636b656e6473657373696f6e7c733a313a2231223b6f62615f6955736572547970654e616d656261636b656e6473657373696f6e7c733a31393a2253757065722041646d696e6973747261746f72223b6f62615f7646697273744e616d656261636b656e6473657373696f6e7c733a373a224c616b6d696e69223b6f62615f764c6173744e616d656261636b656e6473657373696f6e7c733a31303a225275706173696e676865223b),
('c4ng4tba7d50crhmr97viu69u1ovsjbj', '127.0.0.1', 1636281758, 0x5f5f63695f6c6173745f726567656e65726174657c693a313633363238313735383b7c4e3b6f62615f757365726261636b656e6473657373696f6e7c733a313a2231223b6f62615f69735f6c6f676765645f696e6261636b656e6473657373696f6e7c693a313b6f62615f76557365724e616d656261636b656e6473657373696f6e7c733a373a226c616b6d696e69223b6f62615f6955736572547970654261636b656e6473657373696f6e7c733a313a2231223b6f62615f6955736572547970654e616d656261636b656e6473657373696f6e7c733a31393a2253757065722041646d696e6973747261746f72223b6f62615f7646697273744e616d656261636b656e6473657373696f6e7c733a373a224c616b6d696e69223b6f62615f764c6173744e616d656261636b656e6473657373696f6e7c733a31303a225275706173696e676865223b),
('sfsmlhlgfrgdg2k3a2in3508775t0v8e', '127.0.0.1', 1636281071, 0x5f5f63695f6c6173745f726567656e65726174657c693a313633363238313037313b7c4e3b6f62615f757365726261636b656e6473657373696f6e7c733a313a2231223b6f62615f69735f6c6f676765645f696e6261636b656e6473657373696f6e7c693a313b6f62615f76557365724e616d656261636b656e6473657373696f6e7c733a373a226c616b6d696e69223b6f62615f6955736572547970654261636b656e6473657373696f6e7c733a313a2231223b6f62615f6955736572547970654e616d656261636b656e6473657373696f6e7c733a31393a2253757065722041646d696e6973747261746f72223b6f62615f7646697273744e616d656261636b656e6473657373696f6e7c733a373a224c616b6d696e69223b6f62615f764c6173744e616d656261636b656e6473657373696f6e7c733a31303a225275706173696e676865223b6d6573736167657c733a32383a2244617461207375636365737366756c6c79206163746976617465642e223b5f5f63695f766172737c613a313a7b733a373a226d657373616765223b733a333a226f6c64223b7d),
('ih7uu12ict4hca6896fam4o5kr1ru5cc', '127.0.0.1', 1636280288, 0x5f5f63695f6c6173745f726567656e65726174657c693a313633363238303238383b7c4e3b6f62615f757365726261636b656e6473657373696f6e7c733a313a2231223b6f62615f69735f6c6f676765645f696e6261636b656e6473657373696f6e7c693a313b6f62615f76557365724e616d656261636b656e6473657373696f6e7c733a373a226c616b6d696e69223b6f62615f6955736572547970654261636b656e6473657373696f6e7c733a313a2231223b6f62615f6955736572547970654e616d656261636b656e6473657373696f6e7c733a31393a2253757065722041646d696e6973747261746f72223b6f62615f7646697273744e616d656261636b656e6473657373696f6e7c733a373a224c616b6d696e69223b6f62615f764c6173744e616d656261636b656e6473657373696f6e7c733a31303a225275706173696e676865223b),
('9u6skbjbjs3agcobghf0lqskj1j2ohn3', '127.0.0.1', 1636279981, 0x5f5f63695f6c6173745f726567656e65726174657c693a313633363237393938313b7c4e3b6f62615f757365726261636b656e6473657373696f6e7c733a313a2231223b6f62615f69735f6c6f676765645f696e6261636b656e6473657373696f6e7c693a313b6f62615f76557365724e616d656261636b656e6473657373696f6e7c733a373a226c616b6d696e69223b6f62615f6955736572547970654261636b656e6473657373696f6e7c733a313a2231223b6f62615f6955736572547970654e616d656261636b656e6473657373696f6e7c733a31393a2253757065722041646d696e6973747261746f72223b6f62615f7646697273744e616d656261636b656e6473657373696f6e7c733a373a224c616b6d696e69223b6f62615f764c6173744e616d656261636b656e6473657373696f6e7c733a31303a225275706173696e676865223b),
('c0d2g8qfcrtlabofhklsso6b6j8pi23c', '127.0.0.1', 1636279491, 0x5f5f63695f6c6173745f726567656e65726174657c693a313633363237393439313b7c4e3b6f62615f757365726261636b656e6473657373696f6e7c733a313a2231223b6f62615f69735f6c6f676765645f696e6261636b656e6473657373696f6e7c693a313b6f62615f76557365724e616d656261636b656e6473657373696f6e7c733a373a226c616b6d696e69223b6f62615f6955736572547970654261636b656e6473657373696f6e7c733a313a2231223b6f62615f6955736572547970654e616d656261636b656e6473657373696f6e7c733a31393a2253757065722041646d696e6973747261746f72223b6f62615f7646697273744e616d656261636b656e6473657373696f6e7c733a373a224c616b6d696e69223b6f62615f764c6173744e616d656261636b656e6473657373696f6e7c733a31303a225275706173696e676865223b),
('h2jeuo8cpm1islb8ocs0glqvdk97oc6s', '127.0.0.1', 1636279169, 0x5f5f63695f6c6173745f726567656e65726174657c693a313633363237393136393b7c4e3b6f62615f757365726261636b656e6473657373696f6e7c733a313a2231223b6f62615f69735f6c6f676765645f696e6261636b656e6473657373696f6e7c693a313b6f62615f76557365724e616d656261636b656e6473657373696f6e7c733a373a226c616b6d696e69223b6f62615f6955736572547970654261636b656e6473657373696f6e7c733a313a2231223b6f62615f6955736572547970654e616d656261636b656e6473657373696f6e7c733a31393a2253757065722041646d696e6973747261746f72223b6f62615f7646697273744e616d656261636b656e6473657373696f6e7c733a373a224c616b6d696e69223b6f62615f764c6173744e616d656261636b656e6473657373696f6e7c733a31303a225275706173696e676865223b),
('svl4dt8okc7775qm5pha860cvofrs7on', '127.0.0.1', 1636278559, 0x5f5f63695f6c6173745f726567656e65726174657c693a313633363237383535393b7c4e3b6f62615f757365726261636b656e6473657373696f6e7c733a333a22323230223b6f62615f69735f6c6f676765645f696e6261636b656e6473657373696f6e7c693a313b6f62615f76557365724e616d656261636b656e6473657373696f6e7c733a373a226e696c616e6761223b6f62615f6955736572547970654261636b656e6473657373696f6e7c733a323a223334223b6f62615f6955736572547970654e616d656261636b656e6473657373696f6e7c733a373a2250617469656e74223b6f62615f7646697273744e616d656261636b656e6473657373696f6e7c733a373a224e696c616e6761223b6f62615f764c6173744e616d656261636b656e6473657373696f6e7c733a393a2253656e617261746861223b),
('b8n5n6uic37m2dqik4b9pkp229981kfr', '127.0.0.1', 1636278255, 0x5f5f63695f6c6173745f726567656e65726174657c693a313633363237383235353b7c4e3b),
('vvrtse97po78v737f03dvhqed2bosia4', '127.0.0.1', 1636278864, 0x5f5f63695f6c6173745f726567656e65726174657c693a313633363237383836343b7c4e3b6f62615f757365726261636b656e6473657373696f6e7c733a333a22323233223b6f62615f69735f6c6f676765645f696e6261636b656e6473657373696f6e7c693a313b6f62615f76557365724e616d656261636b656e6473657373696f6e7c733a353a226b616d616c223b6f62615f6955736572547970654261636b656e6473657373696f6e7c733a323a223333223b6f62615f6955736572547970654e616d656261636b656e6473657373696f6e7c733a363a22446f63746f72223b6f62615f7646697273744e616d656261636b656e6473657373696f6e7c733a393a2244722e204b616d616c223b6f62615f764c6173744e616d656261636b656e6473657373696f6e7c733a31313a224e616e6179616b6b617261223b),
('89tclnefi7775fui95g0h9mbsh60hmvp', '127.0.0.1', 1636275106, 0x5f5f63695f6c6173745f726567656e65726174657c693a313633363237353130363b7c4e3b6f62615f757365726261636b656e6473657373696f6e7c733a313a2231223b6f62615f69735f6c6f676765645f696e6261636b656e6473657373696f6e7c693a313b6f62615f76557365724e616d656261636b656e6473657373696f6e7c733a373a226c616b6d696e69223b6f62615f6955736572547970654261636b656e6473657373696f6e7c733a313a2231223b6f62615f6955736572547970654e616d656261636b656e6473657373696f6e7c733a31393a2253757065722041646d696e6973747261746f72223b6f62615f7646697273744e616d656261636b656e6473657373696f6e7c733a373a224c616b6d696e69223b6f62615f764c6173744e616d656261636b656e6473657373696f6e7c733a31303a225275706173696e676865223b),
('fhb7ks7jbtuocrhoj7v25a1eps35j77p', '127.0.0.1', 1636272557, 0x5f5f63695f6c6173745f726567656e65726174657c693a313633363237323535373b7c4e3b6f62615f757365726261636b656e6473657373696f6e7c733a313a2231223b6f62615f69735f6c6f676765645f696e6261636b656e6473657373696f6e7c693a313b6f62615f76557365724e616d656261636b656e6473657373696f6e7c733a373a226c616b6d696e69223b6f62615f6955736572547970654261636b656e6473657373696f6e7c733a313a2231223b6f62615f6955736572547970654e616d656261636b656e6473657373696f6e7c733a31393a2253757065722041646d696e6973747261746f72223b6f62615f7646697273744e616d656261636b656e6473657373696f6e7c733a373a224c616b6d696e69223b6f62615f764c6173744e616d656261636b656e6473657373696f6e7c733a31303a225275706173696e676865223b),
('92mcb295p1pph2e5u8002b9k6rrmuhjl', '127.0.0.1', 1636270588, 0x5f5f63695f6c6173745f726567656e65726174657c693a313633363237303538383b7c4e3b6f62615f757365726261636b656e6473657373696f6e7c733a333a22323336223b6f62615f69735f6c6f676765645f696e6261636b656e6473657373696f6e7c693a313b6f62615f76557365724e616d656261636b656e6473657373696f6e7c733a373a226c697468617261223b6f62615f6955736572547970654261636b656e6473657373696f6e7c733a323a223336223b6f62615f6955736572547970654e616d656261636b656e6473657373696f6e7c733a32323a22506861726d61637920436f756e74657220436c65726b223b6f62615f7646697273744e616d656261636b656e6473657373696f6e7c733a373a224c697468617261223b6f62615f764c6173744e616d656261636b656e6473657373696f6e7c733a31303a225275706173696e676861223b),
('pssi3inqud9mlqq2c4s4f7bnm3opm0r4', '127.0.0.1', 1636269570, 0x5f5f63695f6c6173745f726567656e65726174657c693a313633363236393537303b6f62615f757365726261636b656e6473657373696f6e7c733a333a22323230223b6f62615f69735f6c6f676765645f696e6261636b656e6473657373696f6e7c693a313b6f62615f76557365724e616d656261636b656e6473657373696f6e7c733a373a226e696c616e6761223b6f62615f6955736572547970654261636b656e6473657373696f6e7c733a323a223334223b6f62615f6955736572547970654e616d656261636b656e6473657373696f6e7c733a373a2250617469656e74223b6f62615f7646697273744e616d656261636b656e6473657373696f6e7c733a373a224e696c616e6761223b6f62615f764c6173744e616d656261636b656e6473657373696f6e7c733a393a2253656e617261746861223b7c4e3b),
('5shl52rjrjfi7vipne161bfiek7rlur9', '127.0.0.1', 1636269877, 0x5f5f63695f6c6173745f726567656e65726174657c693a313633363236393837373b7c4e3b6f62615f757365726261636b656e6473657373696f6e7c733a333a22323336223b6f62615f69735f6c6f676765645f696e6261636b656e6473657373696f6e7c693a313b6f62615f76557365724e616d656261636b656e6473657373696f6e7c733a373a226c697468617261223b6f62615f6955736572547970654261636b656e6473657373696f6e7c733a323a223336223b6f62615f6955736572547970654e616d656261636b656e6473657373696f6e7c733a32323a22506861726d61637920436f756e74657220436c65726b223b6f62615f7646697273744e616d656261636b656e6473657373696f6e7c733a373a224c697468617261223b6f62615f764c6173744e616d656261636b656e6473657373696f6e7c733a31303a225275706173696e676861223b),
('9rc09peid3cbnuoomfjf8kp3i273r85e', '127.0.0.1', 1636262298, 0x5f5f63695f6c6173745f726567656e65726174657c693a313633363236323033313b7c4e3b6f62615f757365726261636b656e6473657373696f6e7c733a313a2231223b6f62615f69735f6c6f676765645f696e6261636b656e6473657373696f6e7c693a313b6f62615f76557365724e616d656261636b656e6473657373696f6e7c733a373a226c616b6d696e69223b6f62615f6955736572547970654261636b656e6473657373696f6e7c733a313a2231223b6f62615f6955736572547970654e616d656261636b656e6473657373696f6e7c733a31393a2253757065722041646d696e6973747261746f72223b6f62615f7646697273744e616d656261636b656e6473657373696f6e7c733a373a224c616b6d696e69223b6f62615f764c6173744e616d656261636b656e6473657373696f6e7c733a31303a225275706173696e676865223b),
('g6i14fpdbdg7o6aqf1d4ae1fa6hava21', '127.0.0.1', 1636262031, 0x5f5f63695f6c6173745f726567656e65726174657c693a313633363236323033313b7c4e3b6f62615f757365726261636b656e6473657373696f6e7c733a313a2231223b6f62615f69735f6c6f676765645f696e6261636b656e6473657373696f6e7c693a313b6f62615f76557365724e616d656261636b656e6473657373696f6e7c733a373a226c616b6d696e69223b6f62615f6955736572547970654261636b656e6473657373696f6e7c733a313a2231223b6f62615f6955736572547970654e616d656261636b656e6473657373696f6e7c733a31393a2253757065722041646d696e6973747261746f72223b6f62615f7646697273744e616d656261636b656e6473657373696f6e7c733a373a224c616b6d696e69223b6f62615f764c6173744e616d656261636b656e6473657373696f6e7c733a31303a225275706173696e676865223b),
('dv81029mnomu4qjrkq5n9ff2pbb3rf5b', '127.0.0.1', 1636261220, 0x5f5f63695f6c6173745f726567656e65726174657c693a313633363236313232303b7c4e3b6f62615f757365726261636b656e6473657373696f6e7c733a313a2231223b6f62615f69735f6c6f676765645f696e6261636b656e6473657373696f6e7c693a313b6f62615f76557365724e616d656261636b656e6473657373696f6e7c733a373a226c616b6d696e69223b6f62615f6955736572547970654261636b656e6473657373696f6e7c733a313a2231223b6f62615f6955736572547970654e616d656261636b656e6473657373696f6e7c733a31393a2253757065722041646d696e6973747261746f72223b6f62615f7646697273744e616d656261636b656e6473657373696f6e7c733a373a224c616b6d696e69223b6f62615f764c6173744e616d656261636b656e6473657373696f6e7c733a31303a225275706173696e676865223b),
('t46m79pr46lv3ov94sqf7toaqv4ovkov', '127.0.0.1', 1636260236, 0x5f5f63695f6c6173745f726567656e65726174657c693a313633363236303233363b7c4e3b6f62615f757365726261636b656e6473657373696f6e7c733a313a2231223b6f62615f69735f6c6f676765645f696e6261636b656e6473657373696f6e7c693a313b6f62615f76557365724e616d656261636b656e6473657373696f6e7c733a373a226c616b6d696e69223b6f62615f6955736572547970654261636b656e6473657373696f6e7c733a313a2231223b6f62615f6955736572547970654e616d656261636b656e6473657373696f6e7c733a31393a2253757065722041646d696e6973747261746f72223b6f62615f7646697273744e616d656261636b656e6473657373696f6e7c733a373a224c616b6d696e69223b6f62615f764c6173744e616d656261636b656e6473657373696f6e7c733a31303a225275706173696e676865223b),
('cgk3i51re0g80jls37gb98jh59o1pkb5', '127.0.0.1', 1636259849, 0x5f5f63695f6c6173745f726567656e65726174657c693a313633363235393834393b7c4e3b6f62615f757365726261636b656e6473657373696f6e7c733a313a2231223b6f62615f69735f6c6f676765645f696e6261636b656e6473657373696f6e7c693a313b6f62615f76557365724e616d656261636b656e6473657373696f6e7c733a373a226c616b6d696e69223b6f62615f6955736572547970654261636b656e6473657373696f6e7c733a313a2231223b6f62615f6955736572547970654e616d656261636b656e6473657373696f6e7c733a31393a2253757065722041646d696e6973747261746f72223b6f62615f7646697273744e616d656261636b656e6473657373696f6e7c733a373a224c616b6d696e69223b6f62615f764c6173744e616d656261636b656e6473657373696f6e7c733a31303a225275706173696e676865223b),
('66k4f3lequnfcca00galvasp9d1ro7kg', '127.0.0.1', 1636218250, 0x5f5f63695f6c6173745f726567656e65726174657c693a313633363231383235303b7c4e3b6f62615f757365726261636b656e6473657373696f6e7c733a313a2231223b6f62615f69735f6c6f676765645f696e6261636b656e6473657373696f6e7c693a313b6f62615f76557365724e616d656261636b656e6473657373696f6e7c733a373a226c616b6d696e69223b6f62615f6955736572547970654261636b656e6473657373696f6e7c733a313a2231223b6f62615f6955736572547970654e616d656261636b656e6473657373696f6e7c733a31393a2253757065722041646d696e6973747261746f72223b6f62615f7646697273744e616d656261636b656e6473657373696f6e7c733a373a224c616b6d696e69223b6f62615f764c6173744e616d656261636b656e6473657373696f6e7c733a31303a225275706173696e676865223b),
('8f9s612f09iub3p2ge0s4lhaauknvk7k', '127.0.0.1', 1636217469, 0x5f5f63695f6c6173745f726567656e65726174657c693a313633363231373436393b7c4e3b6f62615f757365726261636b656e6473657373696f6e7c733a313a2231223b6f62615f69735f6c6f676765645f696e6261636b656e6473657373696f6e7c693a313b6f62615f76557365724e616d656261636b656e6473657373696f6e7c733a373a226c616b6d696e69223b6f62615f6955736572547970654261636b656e6473657373696f6e7c733a313a2231223b6f62615f6955736572547970654e616d656261636b656e6473657373696f6e7c733a31393a2253757065722041646d696e6973747261746f72223b6f62615f7646697273744e616d656261636b656e6473657373696f6e7c733a373a224c616b6d696e69223b6f62615f764c6173744e616d656261636b656e6473657373696f6e7c733a31303a225275706173696e676865223b),
('pmk528bfvm7k3vnbb123lpbumtk0p0r5', '127.0.0.1', 1636217123, 0x5f5f63695f6c6173745f726567656e65726174657c693a313633363231373132333b7c4e3b6f62615f757365726261636b656e6473657373696f6e7c733a313a2231223b6f62615f69735f6c6f676765645f696e6261636b656e6473657373696f6e7c693a313b6f62615f76557365724e616d656261636b656e6473657373696f6e7c733a373a226c616b6d696e69223b6f62615f6955736572547970654261636b656e6473657373696f6e7c733a313a2231223b6f62615f6955736572547970654e616d656261636b656e6473657373696f6e7c733a31393a2253757065722041646d696e6973747261746f72223b6f62615f7646697273744e616d656261636b656e6473657373696f6e7c733a373a224c616b6d696e69223b6f62615f764c6173744e616d656261636b656e6473657373696f6e7c733a31303a225275706173696e676865223b),
('cef33470n6hjc7ro2oq31ljeanc3se47', '127.0.0.1', 1636216212, 0x5f5f63695f6c6173745f726567656e65726174657c693a313633363231363231323b7c4e3b6f62615f757365726261636b656e6473657373696f6e7c733a313a2231223b6f62615f69735f6c6f676765645f696e6261636b656e6473657373696f6e7c693a313b6f62615f76557365724e616d656261636b656e6473657373696f6e7c733a373a226c616b6d696e69223b6f62615f6955736572547970654261636b656e6473657373696f6e7c733a313a2231223b6f62615f6955736572547970654e616d656261636b656e6473657373696f6e7c733a31393a2253757065722041646d696e6973747261746f72223b6f62615f7646697273744e616d656261636b656e6473657373696f6e7c733a373a224c616b6d696e69223b6f62615f764c6173744e616d656261636b656e6473657373696f6e7c733a31303a225275706173696e676865223b),
('7ueni97510t65trpgdcmi3ger2q7v4sv', '127.0.0.1', 1636215595, 0x5f5f63695f6c6173745f726567656e65726174657c693a313633363231353539353b7c4e3b6f62615f757365726261636b656e6473657373696f6e7c733a313a2231223b6f62615f69735f6c6f676765645f696e6261636b656e6473657373696f6e7c693a313b6f62615f76557365724e616d656261636b656e6473657373696f6e7c733a373a226c616b6d696e69223b6f62615f6955736572547970654261636b656e6473657373696f6e7c733a313a2231223b6f62615f6955736572547970654e616d656261636b656e6473657373696f6e7c733a31393a2253757065722041646d696e6973747261746f72223b6f62615f7646697273744e616d656261636b656e6473657373696f6e7c733a373a224c616b6d696e69223b6f62615f764c6173744e616d656261636b656e6473657373696f6e7c733a31303a225275706173696e676865223b),
('gd8sbse8h2al5pu70cne1qabmsc0cnb6', '127.0.0.1', 1636214819, 0x5f5f63695f6c6173745f726567656e65726174657c693a313633363231343831393b7c4e3b6f62615f757365726261636b656e6473657373696f6e7c733a313a2231223b6f62615f69735f6c6f676765645f696e6261636b656e6473657373696f6e7c693a313b6f62615f76557365724e616d656261636b656e6473657373696f6e7c733a373a226c616b6d696e69223b6f62615f6955736572547970654261636b656e6473657373696f6e7c733a313a2231223b6f62615f6955736572547970654e616d656261636b656e6473657373696f6e7c733a31393a2253757065722041646d696e6973747261746f72223b6f62615f7646697273744e616d656261636b656e6473657373696f6e7c733a373a224c616b6d696e69223b6f62615f764c6173744e616d656261636b656e6473657373696f6e7c733a31303a225275706173696e676865223b),
('84eh663phep1cjvhk2n2n42tk4jdg9cb', '127.0.0.1', 1636214497, 0x5f5f63695f6c6173745f726567656e65726174657c693a313633363231343439373b7c4e3b6f62615f757365726261636b656e6473657373696f6e7c733a313a2231223b6f62615f69735f6c6f676765645f696e6261636b656e6473657373696f6e7c693a313b6f62615f76557365724e616d656261636b656e6473657373696f6e7c733a373a226c616b6d696e69223b6f62615f6955736572547970654261636b656e6473657373696f6e7c733a313a2231223b6f62615f6955736572547970654e616d656261636b656e6473657373696f6e7c733a31393a2253757065722041646d696e6973747261746f72223b6f62615f7646697273744e616d656261636b656e6473657373696f6e7c733a373a224c616b6d696e69223b6f62615f764c6173744e616d656261636b656e6473657373696f6e7c733a31303a225275706173696e676865223b),
('vsqm0m8mgnkuhaqcb5mpm51v5607g5a8', '127.0.0.1', 1636214023, 0x5f5f63695f6c6173745f726567656e65726174657c693a313633363231343032333b7c4e3b6f62615f757365726261636b656e6473657373696f6e7c733a313a2231223b6f62615f69735f6c6f676765645f696e6261636b656e6473657373696f6e7c693a313b6f62615f76557365724e616d656261636b656e6473657373696f6e7c733a373a226c616b6d696e69223b6f62615f6955736572547970654261636b656e6473657373696f6e7c733a313a2231223b6f62615f6955736572547970654e616d656261636b656e6473657373696f6e7c733a31393a2253757065722041646d696e6973747261746f72223b6f62615f7646697273744e616d656261636b656e6473657373696f6e7c733a373a224c616b6d696e69223b6f62615f764c6173744e616d656261636b656e6473657373696f6e7c733a31303a225275706173696e676865223b6d6573736167655f73617665647c733a31393a225361766564207375636365737366756c6c792e223b5f5f63695f766172737c613a313a7b733a31333a226d6573736167655f7361766564223b733a333a226f6c64223b7d),
('s42phknu1q5v2jiak31sittkl5a0o521', '127.0.0.1', 1636213704, 0x5f5f63695f6c6173745f726567656e65726174657c693a313633363231333730343b7c4e3b6f62615f757365726261636b656e6473657373696f6e7c733a313a2231223b6f62615f69735f6c6f676765645f696e6261636b656e6473657373696f6e7c693a313b6f62615f76557365724e616d656261636b656e6473657373696f6e7c733a373a226c616b6d696e69223b6f62615f6955736572547970654261636b656e6473657373696f6e7c733a313a2231223b6f62615f6955736572547970654e616d656261636b656e6473657373696f6e7c733a31393a2253757065722041646d696e6973747261746f72223b6f62615f7646697273744e616d656261636b656e6473657373696f6e7c733a373a224c616b6d696e69223b6f62615f764c6173744e616d656261636b656e6473657373696f6e7c733a31303a225275706173696e676865223b),
('tis1sq9arkakaeqqcqg4pddbpj1ertfk', '127.0.0.1', 1636213389, 0x5f5f63695f6c6173745f726567656e65726174657c693a313633363231333338393b7c4e3b6f62615f757365726261636b656e6473657373696f6e7c733a313a2231223b6f62615f69735f6c6f676765645f696e6261636b656e6473657373696f6e7c693a313b6f62615f76557365724e616d656261636b656e6473657373696f6e7c733a373a226c616b6d696e69223b6f62615f6955736572547970654261636b656e6473657373696f6e7c733a313a2231223b6f62615f6955736572547970654e616d656261636b656e6473657373696f6e7c733a31393a2253757065722041646d696e6973747261746f72223b6f62615f7646697273744e616d656261636b656e6473657373696f6e7c733a373a224c616b6d696e69223b6f62615f764c6173744e616d656261636b656e6473657373696f6e7c733a31303a225275706173696e676865223b),
('3cq8tpg3tuk3cqffa73gv954s4a4n3pq', '127.0.0.1', 1636212734, 0x5f5f63695f6c6173745f726567656e65726174657c693a313633363231323733343b7c4e3b6f62615f757365726261636b656e6473657373696f6e7c733a313a2231223b6f62615f69735f6c6f676765645f696e6261636b656e6473657373696f6e7c693a313b6f62615f76557365724e616d656261636b656e6473657373696f6e7c733a373a226c616b6d696e69223b6f62615f6955736572547970654261636b656e6473657373696f6e7c733a313a2231223b6f62615f6955736572547970654e616d656261636b656e6473657373696f6e7c733a31393a2253757065722041646d696e6973747261746f72223b6f62615f7646697273744e616d656261636b656e6473657373696f6e7c733a373a224c616b6d696e69223b6f62615f764c6173744e616d656261636b656e6473657373696f6e7c733a31303a225275706173696e676865223b),
('adtu9t7u3rr11mp5u1ge9rbfo4unp7c3', '127.0.0.1', 1636210286, 0x5f5f63695f6c6173745f726567656e65726174657c693a313633363231303238363b7c4e3b6f62615f757365726261636b656e6473657373696f6e7c733a313a2231223b6f62615f69735f6c6f676765645f696e6261636b656e6473657373696f6e7c693a313b6f62615f76557365724e616d656261636b656e6473657373696f6e7c733a373a226c616b6d696e69223b6f62615f6955736572547970654261636b656e6473657373696f6e7c733a313a2231223b6f62615f6955736572547970654e616d656261636b656e6473657373696f6e7c733a31393a2253757065722041646d696e6973747261746f72223b6f62615f7646697273744e616d656261636b656e6473657373696f6e7c733a373a224c616b6d696e69223b6f62615f764c6173744e616d656261636b656e6473657373696f6e7c733a31303a225275706173696e676865223b),
('kd96sr52pqd7m8hs6jb5pd3amr5flj7p', '127.0.0.1', 1636259301, 0x5f5f63695f6c6173745f726567656e65726174657c693a313633363235393330313b7c4e3b6f62615f757365726261636b656e6473657373696f6e7c733a313a2231223b6f62615f69735f6c6f676765645f696e6261636b656e6473657373696f6e7c693a313b6f62615f76557365724e616d656261636b656e6473657373696f6e7c733a373a226c616b6d696e69223b6f62615f6955736572547970654261636b656e6473657373696f6e7c733a313a2231223b6f62615f6955736572547970654e616d656261636b656e6473657373696f6e7c733a31393a2253757065722041646d696e6973747261746f72223b6f62615f7646697273744e616d656261636b656e6473657373696f6e7c733a373a224c616b6d696e69223b6f62615f764c6173744e616d656261636b656e6473657373696f6e7c733a31303a225275706173696e676865223b),
('sg2ib4mhh120sgv1ond7lqi1ii6c242h', '127.0.0.1', 1636258864, 0x5f5f63695f6c6173745f726567656e65726174657c693a313633363235383836343b7c4e3b6f62615f757365726261636b656e6473657373696f6e7c733a313a2231223b6f62615f69735f6c6f676765645f696e6261636b656e6473657373696f6e7c693a313b6f62615f76557365724e616d656261636b656e6473657373696f6e7c733a373a226c616b6d696e69223b6f62615f6955736572547970654261636b656e6473657373696f6e7c733a313a2231223b6f62615f6955736572547970654e616d656261636b656e6473657373696f6e7c733a31393a2253757065722041646d696e6973747261746f72223b6f62615f7646697273744e616d656261636b656e6473657373696f6e7c733a373a224c616b6d696e69223b6f62615f764c6173744e616d656261636b656e6473657373696f6e7c733a31303a225275706173696e676865223b),
('ebkd5md89pqnjdoos63ci7g3j0nqape0', '127.0.0.1', 1636256575, 0x5f5f63695f6c6173745f726567656e65726174657c693a313633363235363537353b7c4e3b6f62615f757365726261636b656e6473657373696f6e7c733a333a22323233223b6f62615f69735f6c6f676765645f696e6261636b656e6473657373696f6e7c693a313b6f62615f76557365724e616d656261636b656e6473657373696f6e7c733a353a226b616d616c223b6f62615f6955736572547970654261636b656e6473657373696f6e7c733a323a223333223b6f62615f6955736572547970654e616d656261636b656e6473657373696f6e7c733a363a22446f63746f72223b6f62615f7646697273744e616d656261636b656e6473657373696f6e7c733a393a2244722e204b616d616c223b6f62615f764c6173744e616d656261636b656e6473657373696f6e7c733a31313a224e616e6179616b6b617261223b),
('71javuc7d7b1pmk37n2i10utdbs59hr5', '127.0.0.1', 1636256880, 0x5f5f63695f6c6173745f726567656e65726174657c693a313633363235363838303b7c4e3b6f62615f757365726261636b656e6473657373696f6e7c733a333a22323336223b6f62615f69735f6c6f676765645f696e6261636b656e6473657373696f6e7c693a313b6f62615f76557365724e616d656261636b656e6473657373696f6e7c733a373a226c697468617261223b6f62615f6955736572547970654261636b656e6473657373696f6e7c733a323a223336223b6f62615f6955736572547970654e616d656261636b656e6473657373696f6e7c733a32323a22506861726d61637920436f756e74657220436c65726b223b6f62615f7646697273744e616d656261636b656e6473657373696f6e7c733a373a224c697468617261223b6f62615f764c6173744e616d656261636b656e6473657373696f6e7c733a31303a225275706173696e676861223b),
('430u9o1tcldoesftumu368cj8u5pm44g', '127.0.0.1', 1636256228, 0x5f5f63695f6c6173745f726567656e65726174657c693a313633363235363232383b6f62615f757365726261636b656e6473657373696f6e7c733a333a22323232223b6f62615f69735f6c6f676765645f696e6261636b656e6473657373696f6e7c693a313b6f62615f76557365724e616d656261636b656e6473657373696f6e7c733a383a226368616d6f647961223b6f62615f6955736572547970654261636b656e6473657373696f6e7c733a323a223335223b6f62615f6955736572547970654e616d656261636b656e6473657373696f6e7c733a31323a22526563657074696f6e697374223b6f62615f7646697273744e616d656261636b656e6473657373696f6e7c733a383a224368616d6f647961223b6f62615f764c6173744e616d656261636b656e6473657373696f6e7c733a353a2253696c7661223b),
('kitgrd3avgcgp41mjor8ar10grg4ssre', '127.0.0.1', 1636230494, 0x5f5f63695f6c6173745f726567656e65726174657c693a313633363233303436353b7c4e3b6f62615f757365726261636b656e6473657373696f6e7c733a313a2231223b6f62615f69735f6c6f676765645f696e6261636b656e6473657373696f6e7c693a313b6f62615f76557365724e616d656261636b656e6473657373696f6e7c733a373a226c616b6d696e69223b6f62615f6955736572547970654261636b656e6473657373696f6e7c733a313a2231223b6f62615f6955736572547970654e616d656261636b656e6473657373696f6e7c733a31393a2253757065722041646d696e6973747261746f72223b6f62615f7646697273744e616d656261636b656e6473657373696f6e7c733a373a224c616b6d696e69223b6f62615f764c6173744e616d656261636b656e6473657373696f6e7c733a31303a225275706173696e676865223b),
('p7jqb2allqf4g7foqf2bopr0e07p9ma9', '127.0.0.1', 1636230465, 0x5f5f63695f6c6173745f726567656e65726174657c693a313633363233303436353b7c4e3b),
('dobshn7f58vv9mtgdg2kia03tqld88i2', '127.0.0.1', 1636230159, 0x5f5f63695f6c6173745f726567656e65726174657c693a313633363233303135393b7c4e3b6f62615f757365726261636b656e6473657373696f6e7c733a333a22323233223b6f62615f69735f6c6f676765645f696e6261636b656e6473657373696f6e7c693a313b6f62615f76557365724e616d656261636b656e6473657373696f6e7c733a353a226b616d616c223b6f62615f6955736572547970654261636b656e6473657373696f6e7c733a323a223333223b6f62615f6955736572547970654e616d656261636b656e6473657373696f6e7c733a363a22446f63746f72223b6f62615f7646697273744e616d656261636b656e6473657373696f6e7c733a393a2244722e204b616d616c223b6f62615f764c6173744e616d656261636b656e6473657373696f6e7c733a31313a224e616e6179616b6b617261223b),
('ncutbj6bgvf9eknldaqbbtuvvaum3u0e', '127.0.0.1', 1636229850, 0x5f5f63695f6c6173745f726567656e65726174657c693a313633363232393835303b7c4e3b6f62615f757365726261636b656e6473657373696f6e7c733a333a22323230223b6f62615f69735f6c6f676765645f696e6261636b656e6473657373696f6e7c693a313b6f62615f76557365724e616d656261636b656e6473657373696f6e7c733a373a226e696c616e6761223b6f62615f6955736572547970654261636b656e6473657373696f6e7c733a323a223334223b6f62615f6955736572547970654e616d656261636b656e6473657373696f6e7c733a373a2250617469656e74223b6f62615f7646697273744e616d656261636b656e6473657373696f6e7c733a373a224e696c616e6761223b6f62615f764c6173744e616d656261636b656e6473657373696f6e7c733a393a2253656e617261746861223b),
('vli6hp3tbbi874293l5fbq51cbjni551', '127.0.0.1', 1636229541, 0x5f5f63695f6c6173745f726567656e65726174657c693a313633363232393534313b7c4e3b6f62615f757365726261636b656e6473657373696f6e7c733a313a2231223b6f62615f69735f6c6f676765645f696e6261636b656e6473657373696f6e7c693a313b6f62615f76557365724e616d656261636b656e6473657373696f6e7c733a373a226c616b6d696e69223b6f62615f6955736572547970654261636b656e6473657373696f6e7c733a313a2231223b6f62615f6955736572547970654e616d656261636b656e6473657373696f6e7c733a31393a2253757065722041646d696e6973747261746f72223b6f62615f7646697273744e616d656261636b656e6473657373696f6e7c733a373a224c616b6d696e69223b6f62615f764c6173744e616d656261636b656e6473657373696f6e7c733a31303a225275706173696e676865223b),
('bvchukpvuc7io48rsd0dv0njs6374klv', '127.0.0.1', 1636229236, 0x5f5f63695f6c6173745f726567656e65726174657c693a313633363232393233363b7c4e3b6f62615f757365726261636b656e6473657373696f6e7c733a313a2231223b6f62615f69735f6c6f676765645f696e6261636b656e6473657373696f6e7c693a313b6f62615f76557365724e616d656261636b656e6473657373696f6e7c733a373a226c616b6d696e69223b6f62615f6955736572547970654261636b656e6473657373696f6e7c733a313a2231223b6f62615f6955736572547970654e616d656261636b656e6473657373696f6e7c733a31393a2253757065722041646d696e6973747261746f72223b6f62615f7646697273744e616d656261636b656e6473657373696f6e7c733a373a224c616b6d696e69223b6f62615f764c6173744e616d656261636b656e6473657373696f6e7c733a31303a225275706173696e676865223b),
('0n5e5p5ll7044a3e4bkj8onooc0illvm', '127.0.0.1', 1636228908, 0x5f5f63695f6c6173745f726567656e65726174657c693a313633363232383930383b7c4e3b6f62615f757365726261636b656e6473657373696f6e7c733a313a2231223b6f62615f69735f6c6f676765645f696e6261636b656e6473657373696f6e7c693a313b6f62615f76557365724e616d656261636b656e6473657373696f6e7c733a373a226c616b6d696e69223b6f62615f6955736572547970654261636b656e6473657373696f6e7c733a313a2231223b6f62615f6955736572547970654e616d656261636b656e6473657373696f6e7c733a31393a2253757065722041646d696e6973747261746f72223b6f62615f7646697273744e616d656261636b656e6473657373696f6e7c733a373a224c616b6d696e69223b6f62615f764c6173744e616d656261636b656e6473657373696f6e7c733a31303a225275706173696e676865223b),
('1d09degv6n627i9h2g3qoclbhupgjtlf', '127.0.0.1', 1636228441, 0x5f5f63695f6c6173745f726567656e65726174657c693a313633363232383434313b7c4e3b6f62615f757365726261636b656e6473657373696f6e7c733a313a2231223b6f62615f69735f6c6f676765645f696e6261636b656e6473657373696f6e7c693a313b6f62615f76557365724e616d656261636b656e6473657373696f6e7c733a373a226c616b6d696e69223b6f62615f6955736572547970654261636b656e6473657373696f6e7c733a313a2231223b6f62615f6955736572547970654e616d656261636b656e6473657373696f6e7c733a31393a2253757065722041646d696e6973747261746f72223b6f62615f7646697273744e616d656261636b656e6473657373696f6e7c733a373a224c616b6d696e69223b6f62615f764c6173744e616d656261636b656e6473657373696f6e7c733a31303a225275706173696e676865223b),
('c48hu97f4em275js045bsbaemq06lomk', '127.0.0.1', 1636226338, 0x5f5f63695f6c6173745f726567656e65726174657c693a313633363232363333383b7c4e3b6f62615f757365726261636b656e6473657373696f6e7c733a313a2231223b6f62615f69735f6c6f676765645f696e6261636b656e6473657373696f6e7c693a313b6f62615f76557365724e616d656261636b656e6473657373696f6e7c733a373a226c616b6d696e69223b6f62615f6955736572547970654261636b656e6473657373696f6e7c733a313a2231223b6f62615f6955736572547970654e616d656261636b656e6473657373696f6e7c733a31393a2253757065722041646d696e6973747261746f72223b6f62615f7646697273744e616d656261636b656e6473657373696f6e7c733a373a224c616b6d696e69223b6f62615f764c6173744e616d656261636b656e6473657373696f6e7c733a31303a225275706173696e676865223b);
INSERT INTO `ci_sessions` (`id`, `ip_address`, `timestamp`, `data`) VALUES
('rk0mjajpmf2gapojckl42poth8d2ptmn', '127.0.0.1', 1636225556, 0x5f5f63695f6c6173745f726567656e65726174657c693a313633363232353535363b7c4e3b6f62615f757365726261636b656e6473657373696f6e7c733a313a2231223b6f62615f69735f6c6f676765645f696e6261636b656e6473657373696f6e7c693a313b6f62615f76557365724e616d656261636b656e6473657373696f6e7c733a373a226c616b6d696e69223b6f62615f6955736572547970654261636b656e6473657373696f6e7c733a313a2231223b6f62615f6955736572547970654e616d656261636b656e6473657373696f6e7c733a31393a2253757065722041646d696e6973747261746f72223b6f62615f7646697273744e616d656261636b656e6473657373696f6e7c733a373a224c616b6d696e69223b6f62615f764c6173744e616d656261636b656e6473657373696f6e7c733a31303a225275706173696e676865223b),
('e38d79qqn09qk3qdv17gdf9f82fpqme3', '127.0.0.1', 1636226018, 0x5f5f63695f6c6173745f726567656e65726174657c693a313633363232363031383b7c4e3b6f62615f757365726261636b656e6473657373696f6e7c733a313a2231223b6f62615f69735f6c6f676765645f696e6261636b656e6473657373696f6e7c693a313b6f62615f76557365724e616d656261636b656e6473657373696f6e7c733a373a226c616b6d696e69223b6f62615f6955736572547970654261636b656e6473657373696f6e7c733a313a2231223b6f62615f6955736572547970654e616d656261636b656e6473657373696f6e7c733a31393a2253757065722041646d696e6973747261746f72223b6f62615f7646697273744e616d656261636b656e6473657373696f6e7c733a373a224c616b6d696e69223b6f62615f764c6173744e616d656261636b656e6473657373696f6e7c733a31303a225275706173696e676865223b),
('rua48fjqkk0u110rg3ud7sh6pfmmqmvv', '127.0.0.1', 1636225149, 0x5f5f63695f6c6173745f726567656e65726174657c693a313633363232353134393b7c4e3b6f62615f757365726261636b656e6473657373696f6e7c733a313a2231223b6f62615f69735f6c6f676765645f696e6261636b656e6473657373696f6e7c693a313b6f62615f76557365724e616d656261636b656e6473657373696f6e7c733a373a226c616b6d696e69223b6f62615f6955736572547970654261636b656e6473657373696f6e7c733a313a2231223b6f62615f6955736572547970654e616d656261636b656e6473657373696f6e7c733a31393a2253757065722041646d696e6973747261746f72223b6f62615f7646697273744e616d656261636b656e6473657373696f6e7c733a373a224c616b6d696e69223b6f62615f764c6173744e616d656261636b656e6473657373696f6e7c733a31303a225275706173696e676865223b),
('6fdopk5b0aqc3fuqeh715459e9d39t90', '127.0.0.1', 1636223593, 0x5f5f63695f6c6173745f726567656e65726174657c693a313633363232333539333b7c4e3b6f62615f757365726261636b656e6473657373696f6e7c733a313a2231223b6f62615f69735f6c6f676765645f696e6261636b656e6473657373696f6e7c693a313b6f62615f76557365724e616d656261636b656e6473657373696f6e7c733a373a226c616b6d696e69223b6f62615f6955736572547970654261636b656e6473657373696f6e7c733a313a2231223b6f62615f6955736572547970654e616d656261636b656e6473657373696f6e7c733a31393a2253757065722041646d696e6973747261746f72223b6f62615f7646697273744e616d656261636b656e6473657373696f6e7c733a373a224c616b6d696e69223b6f62615f764c6173744e616d656261636b656e6473657373696f6e7c733a31303a225275706173696e676865223b),
('k5uj2dlcd4sqjtnf7mhkn73otnh0e5ar', '127.0.0.1', 1636223944, 0x5f5f63695f6c6173745f726567656e65726174657c693a313633363232333934343b7c4e3b6f62615f757365726261636b656e6473657373696f6e7c733a313a2231223b6f62615f69735f6c6f676765645f696e6261636b656e6473657373696f6e7c693a313b6f62615f76557365724e616d656261636b656e6473657373696f6e7c733a373a226c616b6d696e69223b6f62615f6955736572547970654261636b656e6473657373696f6e7c733a313a2231223b6f62615f6955736572547970654e616d656261636b656e6473657373696f6e7c733a31393a2253757065722041646d696e6973747261746f72223b6f62615f7646697273744e616d656261636b656e6473657373696f6e7c733a373a224c616b6d696e69223b6f62615f764c6173744e616d656261636b656e6473657373696f6e7c733a31303a225275706173696e676865223b),
('2vmqqtm7mc0j7d3smkbr6mvn8straich', '127.0.0.1', 1636224257, 0x5f5f63695f6c6173745f726567656e65726174657c693a313633363232343235373b7c4e3b6f62615f757365726261636b656e6473657373696f6e7c733a313a2231223b6f62615f69735f6c6f676765645f696e6261636b656e6473657373696f6e7c693a313b6f62615f76557365724e616d656261636b656e6473657373696f6e7c733a373a226c616b6d696e69223b6f62615f6955736572547970654261636b656e6473657373696f6e7c733a313a2231223b6f62615f6955736572547970654e616d656261636b656e6473657373696f6e7c733a31393a2253757065722041646d696e6973747261746f72223b6f62615f7646697273744e616d656261636b656e6473657373696f6e7c733a373a224c616b6d696e69223b6f62615f764c6173744e616d656261636b656e6473657373696f6e7c733a31303a225275706173696e676865223b),
('clsk5d2arjqk1k7qmdq3ii689jvsrpge', '127.0.0.1', 1636223213, 0x5f5f63695f6c6173745f726567656e65726174657c693a313633363232333231333b7c4e3b6f62615f757365726261636b656e6473657373696f6e7c733a313a2231223b6f62615f69735f6c6f676765645f696e6261636b656e6473657373696f6e7c693a313b6f62615f76557365724e616d656261636b656e6473657373696f6e7c733a373a226c616b6d696e69223b6f62615f6955736572547970654261636b656e6473657373696f6e7c733a313a2231223b6f62615f6955736572547970654e616d656261636b656e6473657373696f6e7c733a31393a2253757065722041646d696e6973747261746f72223b6f62615f7646697273744e616d656261636b656e6473657373696f6e7c733a373a224c616b6d696e69223b6f62615f764c6173744e616d656261636b656e6473657373696f6e7c733a31303a225275706173696e676865223b),
('j1dgrt9njen4uphulfhum7hjgequnde6', '127.0.0.1', 1636222774, 0x5f5f63695f6c6173745f726567656e65726174657c693a313633363232323737343b7c4e3b6f62615f757365726261636b656e6473657373696f6e7c733a313a2231223b6f62615f69735f6c6f676765645f696e6261636b656e6473657373696f6e7c693a313b6f62615f76557365724e616d656261636b656e6473657373696f6e7c733a373a226c616b6d696e69223b6f62615f6955736572547970654261636b656e6473657373696f6e7c733a313a2231223b6f62615f6955736572547970654e616d656261636b656e6473657373696f6e7c733a31393a2253757065722041646d696e6973747261746f72223b6f62615f7646697273744e616d656261636b656e6473657373696f6e7c733a373a224c616b6d696e69223b6f62615f764c6173744e616d656261636b656e6473657373696f6e7c733a31303a225275706173696e676865223b),
('633hnh670m85ao543va4nfvfuehvh8q5', '127.0.0.1', 1636222455, 0x5f5f63695f6c6173745f726567656e65726174657c693a313633363232323435353b7c4e3b6f62615f757365726261636b656e6473657373696f6e7c733a313a2231223b6f62615f69735f6c6f676765645f696e6261636b656e6473657373696f6e7c693a313b6f62615f76557365724e616d656261636b656e6473657373696f6e7c733a373a226c616b6d696e69223b6f62615f6955736572547970654261636b656e6473657373696f6e7c733a313a2231223b6f62615f6955736572547970654e616d656261636b656e6473657373696f6e7c733a31393a2253757065722041646d696e6973747261746f72223b6f62615f7646697273744e616d656261636b656e6473657373696f6e7c733a373a224c616b6d696e69223b6f62615f764c6173744e616d656261636b656e6473657373696f6e7c733a31303a225275706173696e676865223b),
('f7g8j54e9h5b4fkrajandr13rcfme0r6', '127.0.0.1', 1636220294, 0x5f5f63695f6c6173745f726567656e65726174657c693a313633363232303239343b7c4e3b6f62615f757365726261636b656e6473657373696f6e7c733a313a2231223b6f62615f69735f6c6f676765645f696e6261636b656e6473657373696f6e7c693a313b6f62615f76557365724e616d656261636b656e6473657373696f6e7c733a373a226c616b6d696e69223b6f62615f6955736572547970654261636b656e6473657373696f6e7c733a313a2231223b6f62615f6955736572547970654e616d656261636b656e6473657373696f6e7c733a31393a2253757065722041646d696e6973747261746f72223b6f62615f7646697273744e616d656261636b656e6473657373696f6e7c733a373a224c616b6d696e69223b6f62615f764c6173744e616d656261636b656e6473657373696f6e7c733a31303a225275706173696e676865223b),
('bgcds8lscp1hiv238tjc5bvl4j5456q6', '127.0.0.1', 1636219957, 0x5f5f63695f6c6173745f726567656e65726174657c693a313633363231393935373b7c4e3b6f62615f757365726261636b656e6473657373696f6e7c733a313a2231223b6f62615f69735f6c6f676765645f696e6261636b656e6473657373696f6e7c693a313b6f62615f76557365724e616d656261636b656e6473657373696f6e7c733a373a226c616b6d696e69223b6f62615f6955736572547970654261636b656e6473657373696f6e7c733a313a2231223b6f62615f6955736572547970654e616d656261636b656e6473657373696f6e7c733a31393a2253757065722041646d696e6973747261746f72223b6f62615f7646697273744e616d656261636b656e6473657373696f6e7c733a373a224c616b6d696e69223b6f62615f764c6173744e616d656261636b656e6473657373696f6e7c733a31303a225275706173696e676865223b),
('r9tmkod2n2908fj5raacfiaec9fa715u', '127.0.0.1', 1636219621, 0x5f5f63695f6c6173745f726567656e65726174657c693a313633363231393632313b7c4e3b6f62615f757365726261636b656e6473657373696f6e7c733a313a2231223b6f62615f69735f6c6f676765645f696e6261636b656e6473657373696f6e7c693a313b6f62615f76557365724e616d656261636b656e6473657373696f6e7c733a373a226c616b6d696e69223b6f62615f6955736572547970654261636b656e6473657373696f6e7c733a313a2231223b6f62615f6955736572547970654e616d656261636b656e6473657373696f6e7c733a31393a2253757065722041646d696e6973747261746f72223b6f62615f7646697273744e616d656261636b656e6473657373696f6e7c733a373a224c616b6d696e69223b6f62615f764c6173744e616d656261636b656e6473657373696f6e7c733a31303a225275706173696e676865223b),
('9i9l351jsnvmm7qspordd166a98qet8u', '127.0.0.1', 1636218620, 0x5f5f63695f6c6173745f726567656e65726174657c693a313633363231383632303b7c4e3b6f62615f757365726261636b656e6473657373696f6e7c733a313a2231223b6f62615f69735f6c6f676765645f696e6261636b656e6473657373696f6e7c693a313b6f62615f76557365724e616d656261636b656e6473657373696f6e7c733a373a226c616b6d696e69223b6f62615f6955736572547970654261636b656e6473657373696f6e7c733a313a2231223b6f62615f6955736572547970654e616d656261636b656e6473657373696f6e7c733a31393a2253757065722041646d696e6973747261746f72223b6f62615f7646697273744e616d656261636b656e6473657373696f6e7c733a373a224c616b6d696e69223b6f62615f764c6173744e616d656261636b656e6473657373696f6e7c733a31303a225275706173696e676865223b),
('oteke4ffamdacap1lhkon8tqn9hvnpgu', '127.0.0.1', 1636217920, 0x5f5f63695f6c6173745f726567656e65726174657c693a313633363231373932303b7c4e3b6f62615f757365726261636b656e6473657373696f6e7c733a313a2231223b6f62615f69735f6c6f676765645f696e6261636b656e6473657373696f6e7c693a313b6f62615f76557365724e616d656261636b656e6473657373696f6e7c733a373a226c616b6d696e69223b6f62615f6955736572547970654261636b656e6473657373696f6e7c733a313a2231223b6f62615f6955736572547970654e616d656261636b656e6473657373696f6e7c733a31393a2253757065722041646d696e6973747261746f72223b6f62615f7646697273744e616d656261636b656e6473657373696f6e7c733a373a224c616b6d696e69223b6f62615f764c6173744e616d656261636b656e6473657373696f6e7c733a31303a225275706173696e676865223b);

-- --------------------------------------------------------

--
-- Table structure for table `tbl_appointment`
--

DROP TABLE IF EXISTS `tbl_appointment`;
CREATE TABLE IF NOT EXISTS `tbl_appointment` (
  `id` int(11) NOT NULL AUTO_INCREMENT,
  `iShedule_id` int(11) NOT NULL,
  `iP_id` int(11) NOT NULL,
  `iAppointmentNumber` int(11) NOT NULL,
  `cEnable` char(1) NOT NULL,
  PRIMARY KEY (`id`),
  KEY `f_sched` (`iShedule_id`),
  KEY `f_patient` (`iP_id`)
) ENGINE=InnoDB AUTO_INCREMENT=134 DEFAULT CHARSET=latin1;

--
-- Dumping data for table `tbl_appointment`
--

INSERT INTO `tbl_appointment` (`id`, `iShedule_id`, `iP_id`, `iAppointmentNumber`, `cEnable`) VALUES
(47, 22, 220, 1, 'Y'),
(48, 22, 226, 2, 'Y'),
(49, 22, 227, 3, 'Y'),
(50, 22, 228, 4, 'Y'),
(51, 22, 229, 5, 'Y'),
(52, 22, 231, 6, 'Y'),
(53, 23, 220, 1, 'Y'),
(54, 23, 232, 2, 'Y'),
(55, 24, 220, 1, 'Y'),
(56, 23, 226, 3, 'Y'),
(57, 23, 235, 4, 'Y'),
(58, 23, 234, 5, 'Y'),
(59, 24, 229, 2, 'Y'),
(60, 24, 227, 3, 'Y'),
(61, 25, 237, 1, 'Y'),
(62, 25, 238, 2, 'Y'),
(63, 25, 220, 3, 'Y'),
(64, 23, 237, 6, 'Y'),
(65, 23, 240, 7, 'N'),
(69, 24, 220, 4, 'Y'),
(70, 24, 229, 5, 'Y'),
(73, 26, 220, 1, 'Y'),
(74, 30, 220, 1, 'Y'),
(78, 30, 226, 2, 'Y'),
(92, 33, 226, 1, 'Y'),
(93, 28, 234, 1, 'Y'),
(94, 28, 226, 2, 'Y'),
(95, 34, 231, 1, 'Y'),
(96, 34, 232, 2, 'Y'),
(97, 37, 233, 1, 'Y'),
(103, 37, 238, 2, 'Y'),
(104, 37, 234, 3, 'Y'),
(105, 37, 231, 4, 'Y'),
(106, 37, 241, 5, 'Y'),
(107, 37, 242, 6, 'Y'),
(114, 37, 227, 7, 'Y'),
(116, 37, 226, 8, 'Y'),
(117, 38, 226, 1, 'Y'),
(118, 39, 220, 1, 'Y'),
(120, 41, 233, 1, 'Y'),
(121, 41, 231, 2, 'Y'),
(122, 41, 229, 3, 'Y'),
(123, 41, 242, 4, 'Y'),
(124, 42, 246, 1, 'Y'),
(125, 43, 234, 1, 'Y'),
(126, 43, 232, 2, 'Y'),
(127, 44, 220, 1, 'Y'),
(129, 45, 220, 1, 'Y'),
(130, 45, 227, 2, 'Y'),
(131, 45, 226, 3, 'Y'),
(132, 45, 231, 4, 'Y'),
(133, 47, 220, 1, 'N');

-- --------------------------------------------------------

--
-- Table structure for table `tbl_doctor_schedule`
--

DROP TABLE IF EXISTS `tbl_doctor_schedule`;
CREATE TABLE IF NOT EXISTS `tbl_doctor_schedule` (
  `id` int(11) NOT NULL AUTO_INCREMENT,
  `d_id` int(11) NOT NULL,
  `dSheduleDate` date NOT NULL,
  `vSheduleStartTime` varchar(20) NOT NULL,
  `vSheduleEndTime` varchar(20) NOT NULL,
  `iPatient_count` int(5) NOT NULL,
  `cEnable` char(1) NOT NULL,
  PRIMARY KEY (`id`),
  KEY `f_doc` (`d_id`)
) ENGINE=InnoDB AUTO_INCREMENT=50 DEFAULT CHARSET=latin1;

--
-- Dumping data for table `tbl_doctor_schedule`
--

INSERT INTO `tbl_doctor_schedule` (`id`, `d_id`, `dSheduleDate`, `vSheduleStartTime`, `vSheduleEndTime`, `iPatient_count`, `cEnable`) VALUES
(22, 223, '2021-09-24', '18:00:00', '20:00:00', 10, 'N'),
(23, 223, '2021-09-25', '18:00:00', '20:00:00', 10, 'N'),
(24, 223, '2021-09-26', '18:00:00', '20:00:00', 10, 'N'),
(25, 223, '2021-09-27', '18:00:00', '20:00:00', 10, 'N'),
(26, 223, '2021-09-28', '18:00:00', '20:00:00', 10, 'N'),
(28, 223, '2021-10-28', '06:00:00', '08:00:00', 12, 'Y'),
(30, 223, '2021-10-21', '00:06:00', '00:08:00', 15, 'N'),
(32, 223, '2021-10-23', '00:07:00', '00:08:00', 8, 'N'),
(33, 223, '2021-10-25', '00:05:00', '00:06:00', 5, 'N'),
(34, 223, '2021-10-27', '2:30 AM', '3:00 AM', 5, 'Y'),
(35, 223, '2021-10-24', '2:30 AM', '3:30 AM', 5, 'N'),
(36, 223, '2021-10-28', '5:00 PM', '7:45 PM', 15, 'Y'),
(37, 223, '2021-10-30', '2:30 PM', '6:30 PM', 40, 'Y'),
(38, 223, '2021-10-31', '1:00 AM', '3:00 AM', 6, 'Y'),
(39, 223, '2021-11-02', '1:30 AM', '11:30 AM', 50, 'Y'),
(40, 223, '2021-11-04', '8:00 PM', '9:00 PM', 5, 'Y'),
(41, 223, '2021-11-02', '3:15 PM', '6:15 PM', 20, 'Y'),
(42, 223, '2021-11-05', '6:00 PM', '8:00 PM', 12, 'Y'),
(43, 223, '2021-11-06', '1:25 AM', '2:15 AM', 3, 'Y'),
(44, 223, '2021-11-06', '6:00 PM', '8:00 PM', 12, 'Y'),
(45, 223, '2021-11-07', '8:00 PM', '9:00 PM', 6, 'Y'),
(46, 223, '2021-11-08', '7:00 AM', '8:00 AM', 6, 'Y'),
(47, 223, '2021-11-09', '6:30 PM', '7:30 PM', 6, 'Y'),
(48, 223, '2021-11-12', '7:00 PM', '10:00 PM', 18, 'Y'),
(49, 223, '2021-11-15', '3:30 PM', '4:30 PM', 6, 'Y');

-- --------------------------------------------------------

--
-- Table structure for table `tbl_drug`
--

DROP TABLE IF EXISTS `tbl_drug`;
CREATE TABLE IF NOT EXISTS `tbl_drug` (
  `id` int(11) NOT NULL AUTO_INCREMENT,
  `vDrugName` varchar(60) NOT NULL,
  `iQuantity` int(11) NOT NULL,
  `fUnitPrice` float NOT NULL,
  `cEnable` char(1) NOT NULL,
  `iMinQty` int(11) NOT NULL,
  PRIMARY KEY (`id`)
) ENGINE=InnoDB AUTO_INCREMENT=32 DEFAULT CHARSET=latin1;

--
-- Dumping data for table `tbl_drug`
--

INSERT INTO `tbl_drug` (`id`, `vDrugName`, `iQuantity`, `fUnitPrice`, `cEnable`, `iMinQty`) VALUES
(1, 'Ketoconazole 10mg', 1000, 8.5, 'Y', 500),
(2, 'Magnesium  5mg', 1000, 5, 'Y', 600),
(3, 'Desmopressin  100mg', 500, 5, 'Y', 100),
(4, 'Omeprazole  200mg', 592, 3, 'Y', 300),
(5, 'Rapadene  500mg', 1000, 1, 'Y', 500),
(6, 'Zinc 250 ml', 96, 250, 'Y', 20),
(7, 'Paracetamol 250mg', 9955, 7, 'Y', 5000),
(10, 'Cetrazine  5mg', 481, 5, 'Y', 500),
(11, 'E 500mg', 412, 10, 'Y', 400),
(12, 'Atovastin 5mg', 440, 50, 'Y', 50),
(13, 'Losa 10mg', 200, 45, 'Y', 50),
(14, 'Penagen 5mg', 83, 1, 'Y', 25),
(16, 'Domperidone 5mg', 185, 5, 'Y', 100),
(19, 'Amoxiline 250mg', 185, 2, 'Y', 50),
(21, 'Piriton 4mg', 945, 6, 'Y', 500),
(22, 'C 250mg', 980, 10, 'Y', 500),
(23, 'Gastrio 500ml', 445, 10, 'Y', 200),
(29, 'Atovastin 10mg', 1000, 12, 'Y', 500),
(30, 'Eno 10g pack', 500, 15, 'Y', 100),
(31, 'Augm ', 1000, 5, 'Y', 500);

-- --------------------------------------------------------

--
-- Table structure for table `tbl_invoice_detail`
--

DROP TABLE IF EXISTS `tbl_invoice_detail`;
CREATE TABLE IF NOT EXISTS `tbl_invoice_detail` (
  `id` int(11) NOT NULL AUTO_INCREMENT,
  `iInvoiceId` int(11) NOT NULL,
  `iDrugId` int(11) NOT NULL,
  `iQuantity` int(11) NOT NULL,
  `fUnitPrice` float NOT NULL,
  `fPrice` float NOT NULL,
  `cEnable` char(1) NOT NULL,
  PRIMARY KEY (`id`),
  KEY `iInvoiceId` (`iInvoiceId`),
  KEY `f_drugi` (`iDrugId`)
) ENGINE=InnoDB AUTO_INCREMENT=63 DEFAULT CHARSET=latin1;

--
-- Dumping data for table `tbl_invoice_detail`
--

INSERT INTO `tbl_invoice_detail` (`id`, `iInvoiceId`, `iDrugId`, `iQuantity`, `fUnitPrice`, `fPrice`, `cEnable`) VALUES
(12, 15, 7, 10, 2, 20, 'Y'),
(13, 29, 10, 50, 5, 250, 'Y'),
(14, 30, 19, 10, 2, 20, 'Y'),
(15, 31, 21, 10, 6, 60, 'Y'),
(16, 31, 6, 1, 250, 250, 'Y'),
(17, 32, 21, 15, 6, 90, 'Y'),
(18, 33, 21, 20, 6, 120, 'Y'),
(19, 34, 16, 10, 5, 50, 'Y'),
(20, 34, 21, 5, 6, 30, 'Y'),
(23, 36, 21, 20, 6, 120, 'Y'),
(24, 36, 11, 10, 10, 100, 'Y'),
(25, 37, 11, 10, 10, 100, 'Y'),
(26, 37, 21, 5, 6, 30, 'Y'),
(27, 38, 16, 5, 5, 25, 'Y'),
(28, 38, 22, 10, 10, 100, 'Y'),
(30, 40, 16, 5, 5, 25, 'Y'),
(31, 41, 12, 30, 50, 1500, 'Y'),
(32, 42, 10, 80, 5, 400, 'Y'),
(33, 43, 11, 58, 10, 580, 'Y'),
(34, 44, 21, 10, 6, 60, 'Y'),
(35, 46, 21, 10, 6, 60, 'Y'),
(36, 49, 6, 1, 250, 250, 'Y'),
(37, 50, 10, 80, 5, 400, 'Y'),
(38, 51, 10, 80, 5, 400, 'Y'),
(39, 52, 14, 2, 1, 2, 'Y'),
(40, 53, 14, 5, 1, 5, 'Y'),
(41, 54, 14, 5, 1, 5, 'Y'),
(42, 55, 4, 8, 3, 24, 'Y'),
(43, 56, 21, 10, 6, 60, 'Y'),
(44, 57, 6, 1, 250, 250, 'Y'),
(46, 59, 11, 5, 10, 50, 'Y'),
(47, 60, 11, 5, 10, 50, 'Y'),
(48, 61, 10, 30, 5, 150, 'Y'),
(49, 62, 12, 30, 50, 1500, 'Y'),
(50, 63, 16, 5, 5, 25, 'Y'),
(51, 63, 22, 10, 10, 100, 'Y'),
(56, 66, 19, 5, 2, 10, 'Y'),
(57, 66, 14, 5, 1, 5, 'Y'),
(58, 66, 23, 5, 10, 50, 'Y'),
(59, 67, 10, 4, 5, 20, 'Y'),
(60, 67, 19, 10, 2, 20, 'Y'),
(61, 68, 6, 1, 250, 250, 'Y'),
(62, 69, 10, 5, 5, 25, 'Y');

-- --------------------------------------------------------

--
-- Table structure for table `tbl_invoice_header`
--

DROP TABLE IF EXISTS `tbl_invoice_header`;
CREATE TABLE IF NOT EXISTS `tbl_invoice_header` (
  `id` int(11) NOT NULL AUTO_INCREMENT,
  `dPrescriptionDate` date NOT NULL,
  `iPres_id` int(11) NOT NULL,
  `iDoctorId` int(11) NOT NULL,
  `iPatientId` int(11) NOT NULL,
  `tDescription` text NOT NULL,
  `fDoctorCharge` float(10,0) NOT NULL,
  `dSaveDate` date NOT NULL,
  `iUserID` int(11) NOT NULL,
  `cEnable` char(1) NOT NULL,
  PRIMARY KEY (`id`),
  KEY `f_ky` (`iDoctorId`),
  KEY `f_pkey` (`iPatientId`)
) ENGINE=InnoDB AUTO_INCREMENT=70 DEFAULT CHARSET=latin1;

--
-- Dumping data for table `tbl_invoice_header`
--

INSERT INTO `tbl_invoice_header` (`id`, `dPrescriptionDate`, `iPres_id`, `iDoctorId`, `iPatientId`, `tDescription`, `fDoctorCharge`, `dSaveDate`, `iUserID`, `cEnable`) VALUES
(13, '2021-09-11', 0, 223, 228, 'drug 01\r\ndrug 02\r\n', 10, '2021-09-11', 221, 'Y'),
(14, '2021-09-10', 0, 223, 233, 'wwwwwww', 23, '2021-09-11', 221, 'Y'),
(15, '2021-09-11', 0, 223, 228, 'ceterzine 10 10 days\r\nparacitamol 10 10 days', 500, '2021-09-11', 1, 'Y'),
(29, '2021-09-10', 0, 223, 233, 'wwwwwww', 522, '2021-09-20', 1, 'Y'),
(30, '2021-09-23', 0, 223, 220, 'c vitmin 10 day  1 for a day', 500, '2021-09-23', 1, 'Y'),
(31, '2021-09-10', 0, 223, 220, 'Piriton 5\r\nZinco 250ml', 500, '2021-09-24', 1, 'Y'),
(32, '2021-09-22', 0, 223, 234, 'piriton 10', 500, '2021-09-24', 1, 'Y'),
(33, '2021-09-10', 0, 223, 233, 'c', 500, '2021-09-24', 1, 'Y'),
(34, '2021-09-24', 0, 223, 226, 'c vitmin 10 days', 500, '2021-09-24', 1, 'Y'),
(36, '2021-09-25', 0, 223, 220, 'Priton 10 days BD, \r\nE 10days D', 500, '2021-09-25', 1, 'Y'),
(37, '2021-09-25', 0, 223, 232, 'E 10 days D,\r\nPiriton 5days BD', 500, '2021-09-25', 1, 'Y'),
(38, '2021-09-25', 0, 223, 226, 'Donpridone 5days B,   \r\nCvitamin 10days D', 500, '2021-09-25', 1, 'Y'),
(40, '2021-09-25', 0, 223, 235, 'Donpridone 5 days BD', 500, '2021-09-25', 1, 'Y'),
(41, '2021-09-25', 0, 223, 234, 'Atovastin 30 days BD', 500, '2021-09-25', 1, 'Y'),
(42, '2021-09-25', 0, 223, 237, 'Ceterzine 80 Days', 500, '2021-09-25', 1, 'Y'),
(43, '2021-09-24', 0, 223, 226, 'Zinco 7.25ml BD', 500, '2021-09-26', 236, 'Y'),
(44, '2021-09-26', 0, 223, 227, 'Piroton 10 D', 500, '2021-10-20', 1, 'Y'),
(46, '2021-10-24', 0, 223, 234, 'Piriton 10 days', 500, '2021-10-24', 1, 'Y'),
(49, '2021-09-24', 0, 223, 226, 'Zinco 7.25ml BD', 500, '2021-10-27', 1, 'Y'),
(50, '2021-09-25', 0, 223, 237, 'Ceterzine 80 Days', 500, '2021-10-27', 1, 'Y'),
(51, '2021-09-25', 0, 223, 237, 'Ceterzine 80 Days', 500, '2021-10-27', 1, 'Y'),
(52, '2021-09-25', 0, 223, 237, 'Ceterzine 80 Days', 500, '2021-10-27', 1, 'Y'),
(53, '2021-09-25', 0, 223, 237, 'Ceterzine 80 Days', 200, '2021-10-27', 1, 'Y'),
(54, '2021-09-25', 31, 223, 237, 'Ceterzine 80 Days', 100, '2021-10-27', 1, 'Y'),
(55, '2021-09-25', 27, 223, 235, 'Donpridone 5 days BD', 300, '2021-10-27', 1, 'Y'),
(56, '2021-10-24', 34, 223, 234, 'Piriton 10 days', 500, '2021-10-27', 1, 'Y'),
(57, '2021-09-24', 30, 223, 226, 'Zinco 7.25ml BD', 500, '2021-10-27', 1, 'Y'),
(59, '2021-10-27', 35, 223, 231, 'E viatamin 5days Night,\r\nDmax 10days Morning', 500, '2021-10-30', 1, 'Y'),
(60, '2021-10-27', 35, 223, 231, 'E viatamin 5days Night,\r\nDmax 10days Morning', 500, '2021-10-30', 1, 'Y'),
(61, '2021-09-24', 29, 223, 220, 'Cetrazine 30days D', 500, '2021-11-05', 1, 'Y'),
(62, '2021-09-25', 28, 223, 234, 'Atovastin 30 days BD', 500, '2021-11-05', 1, 'Y'),
(63, '2021-09-25', 26, 223, 226, 'Donpridone 5days B,   \r\nCvitamin 10days D', 500, '2021-11-05', 1, 'Y'),
(66, '2021-11-06', 40, 223, 234, 'next day 2021/11/28', 500, '2021-11-06', 1, 'Y'),
(67, '2021-11-06', 42, 223, 234, 'flexi 50mg 1 tab, 10days ', 500, '2021-11-06', 236, 'Y'),
(68, '2021-11-06', 41, 223, 232, 'Next come 2021-11-10', 0, '2021-11-07', 1, 'Y'),
(69, '2021-11-07', 44, 223, 227, 'Augmentin 1 ao days', 500, '2021-11-07', 236, 'Y');

-- --------------------------------------------------------

--
-- Table structure for table `tbl_logs`
--

DROP TABLE IF EXISTS `tbl_logs`;
CREATE TABLE IF NOT EXISTS `tbl_logs` (
  `id` int(11) NOT NULL AUTO_INCREMENT,
  `vPage` varchar(255) NOT NULL,
  `iUserID` int(10) NOT NULL,
  `tDes` text NOT NULL,
  `dDateTime` datetime NOT NULL,
  `cEnable` char(11) NOT NULL,
  PRIMARY KEY (`id`)
) ENGINE=InnoDB AUTO_INCREMENT=813 DEFAULT CHARSET=latin1;

--
-- Dumping data for table `tbl_logs`
--

INSERT INTO `tbl_logs` (`id`, `vPage`, `iUserID`, `tDes`, `dDateTime`, `cEnable`) VALUES
(1, 'Home', 1, 'log into system', '2021-09-19 01:59:49', 'Y'),
(2, 'Home', 1, 'log into system', '2021-09-19 11:40:05', 'Y'),
(3, 'Home', 1, 'log into system', '2021-09-19 12:16:36', 'Y'),
(4, 'Logout', 1, 'Sign out from system', '2021-09-19 12:17:07', 'Y'),
(5, 'Home', 1, 'log into system', '2021-09-19 12:17:22', 'Y'),
(6, 'Logout', 1, 'Sign out from system', '2021-09-19 12:47:54', 'Y'),
(7, 'Home', 1, 'log into system', '2021-09-19 12:56:46', 'Y'),
(8, 'Home', 1, 'log into system', '2021-09-19 17:13:56', 'Y'),
(9, 'Logout', 1, 'Sign out from system', '2021-09-19 17:14:39', 'Y'),
(10, 'Home', 1, 'log into system', '2021-09-19 17:14:47', 'Y'),
(11, 'Logout', 1, 'Sign out from system', '2021-09-19 17:30:35', 'Y'),
(12, 'Home', 1, 'log into system', '2021-09-19 17:31:07', 'Y'),
(13, 'User Type', 1, 'saved data has been updated', '2021-09-19 18:07:49', 'Y'),
(14, 'Logout', 1, 'Sign out from system', '2021-09-19 18:35:08', 'Y'),
(15, 'Home', 1, 'log into system', '2021-09-19 18:35:17', 'Y'),
(16, 'Home', 1, 'log into system', '2021-09-19 23:48:30', 'Y'),
(17, 'Check Availability', 1, 'New Appointment added', '2021-09-19 23:58:41', 'Y'),
(18, 'Check Availability', 1, 'New Appointment added', '2021-09-20 00:01:07', 'Y'),
(19, 'Check Availability', 1, 'New Appointment added', '2021-09-20 00:03:50', 'Y'),
(20, 'Check Availability', 1, 'New Appointment added', '2021-09-20 00:13:13', 'Y'),
(21, 'Check Availability', 1, 'New Appointment added', '2021-09-20 00:14:42', 'Y'),
(22, 'Check Availability', 1, 'New Appointment added', '2021-09-20 00:16:15', 'Y'),
(23, 'Check Availability', 1, 'New Appointment added', '2021-09-20 00:18:12', 'Y'),
(24, 'Add Patient', 1, 'User details updated. User Id: 220 ', '2021-09-20 01:21:32', 'Y'),
(25, 'Check Availability', 1, 'New Appointment added', '2021-09-20 01:22:26', 'Y'),
(26, 'Check Availability', 1, 'New Appointment added', '2021-09-20 01:37:45', 'Y'),
(27, 'Check Availability', 1, 'New Appointment added', '2021-09-20 01:44:45', 'Y'),
(28, 'Check Availability', 1, 'New Appointment added', '2021-09-20 02:03:00', 'Y'),
(29, 'Add User', 1, 'User details updated. User Id: 1 ', '2021-09-20 02:08:32', 'Y'),
(30, 'Home', 1, 'log into system', '2021-09-20 13:44:42', 'Y'),
(31, 'Logout', 1, 'Sign out from system', '2021-09-20 14:09:36', 'Y'),
(32, 'Home', 1, 'log into system', '2021-09-20 14:26:20', 'Y'),
(33, 'User Type', 1, 'saved data has been updated', '2021-09-20 15:05:39', 'Y'),
(34, 'User Type', 1, 'saved data has been updated', '2021-09-20 15:29:37', 'Y'),
(35, 'User Type', 1, 'Data has been saved', '2021-09-20 15:38:20', 'Y'),
(36, 'User Type', 1, 'User Type has been deleted ID = 37', '2021-09-20 15:38:28', 'Y'),
(37, 'User Type', 1, 'Data has been saved', '2021-09-20 15:40:01', 'Y'),
(38, 'User Type', 1, 'User Type has been deleted ID = 38', '2021-09-20 15:40:43', 'Y'),
(39, 'Add User', 1, 'New user registered. Name: ', '2021-09-20 18:38:52', 'Y'),
(40, 'View Profile', 1, 'password data has been updated', '2021-09-20 22:36:37', 'Y'),
(41, 'View Profile', 1, 'password data has been updated', '2021-09-20 22:48:36', 'Y'),
(42, 'View Profile', 1, 'password data has been updated', '2021-09-20 22:49:31', 'Y'),
(43, 'View Profile', 1, 'password data has been updated', '2021-09-20 22:51:36', 'Y'),
(44, 'View Profile', 1, 'profile picture is updated', '2021-09-20 22:51:57', 'Y'),
(45, 'View Profile', 1, 'profile picture is updated', '2021-09-20 22:52:26', 'Y'),
(46, 'View Profile', 1, 'profile picture is updated', '2021-09-20 23:54:05', 'Y'),
(47, 'Logout', 1, 'Sign out from system', '2021-09-21 00:09:48', 'Y'),
(48, 'Home', 1, 'log into system', '2021-09-21 00:09:56', 'Y'),
(49, 'View Profile', 1, 'password data has been updated', '2021-09-21 02:26:36', 'Y'),
(50, 'Logout', 1, 'Sign out from system', '2021-09-21 02:26:48', 'Y'),
(51, 'Home', 1, 'log into system', '2021-09-21 02:26:57', 'Y'),
(52, 'View Profile', 1, 'password data has been updated', '2021-09-21 02:29:14', 'Y'),
(53, 'View Profile', 1, 'password data has been updated', '2021-09-21 02:31:00', 'Y'),
(54, 'View Profile', 1, 'password data has been updated', '2021-09-21 02:42:38', 'Y'),
(55, 'View Profile', 1, 'password data has been updated', '2021-09-21 02:52:06', 'Y'),
(56, 'View Profile', 1, 'password data has been updated', '2021-09-21 02:54:20', 'Y'),
(57, 'View Profile', 1, 'password data has been updated', '2021-09-21 02:56:08', 'Y'),
(58, 'View Profile', 1, 'password data has been updated', '2021-09-21 03:00:50', 'Y'),
(59, 'View Profile', 1, 'profile picture is updated', '2021-09-21 03:46:43', 'Y'),
(60, 'View Profile', 1, 'profile picture is updated', '2021-09-21 03:52:37', 'Y'),
(61, 'View Profile', 1, 'profile picture is updated', '2021-09-21 03:54:27', 'Y'),
(62, 'View Profile', 1, 'profile picture is updated', '2021-09-21 04:03:47', 'Y'),
(63, 'View Profile', 1, 'profile picture is updated', '2021-09-21 04:08:09', 'Y'),
(64, 'View Profile', 1, 'profile picture is updated', '2021-09-21 04:28:52', 'Y'),
(65, 'View Profile', 1, 'profile picture is updated', '2021-09-21 04:29:03', 'Y'),
(66, 'Logout', 1, 'Sign out from system', '2021-09-21 04:33:22', 'Y'),
(67, 'Home', 1, 'log into system', '2021-09-21 04:51:06', 'Y'),
(68, 'Home', 1, 'log into system', '2021-09-21 12:30:20', 'Y'),
(69, 'Logout', 1, 'Sign out from system', '2021-09-21 13:49:14', 'Y'),
(70, 'Home', 1, 'log into system', '2021-09-21 14:02:18', 'Y'),
(71, 'Logout', 1, 'Sign out from system', '2021-09-21 14:13:03', 'Y'),
(72, 'Home', 1, 'log into system', '2021-09-21 14:17:16', 'Y'),
(73, 'Add Patient', 1, 'Patient is deactivated. ID = 219', '2021-09-21 20:05:45', 'Y'),
(74, 'Add Patient', 1, 'Patient is activated. ID = 219', '2021-09-21 20:05:48', 'Y'),
(75, 'Add Patient', 1, 'Patient is deactivated. ID = 219', '2021-09-21 20:15:13', 'Y'),
(76, 'Add Patient', 1, 'Patient is activated. ID = 219', '2021-09-21 20:15:17', 'Y'),
(77, 'Logout', 1, 'Sign out from system', '2021-09-22 01:05:05', 'Y'),
(78, 'Home', 220, 'log into system', '2021-09-22 01:05:26', 'Y'),
(79, 'Check Availability', 220, 'New Appointment added', '2021-09-22 01:05:49', 'Y'),
(80, 'Add Patient', 1, 'Patient Data has been Deleted', '2021-09-22 01:10:46', 'Y'),
(81, 'Add Patient', 1, 'User details updated. User Id: 234 ', '2021-09-22 01:11:30', 'Y'),
(82, 'Add Patient', 1, 'Patient is deactivated. ID = 219', '2021-09-22 02:14:44', 'Y'),
(83, 'Add Patient', 1, 'Patient is activated. ID = 219', '2021-09-22 02:15:13', 'Y'),
(84, 'Home', 1, 'log into system', '2021-09-22 11:35:41', 'Y'),
(85, 'Add Availability', 1, 'New Shedule added', '2021-09-22 13:02:31', 'Y'),
(86, 'Add Availability', 1, 'New Shedule added', '2021-09-22 13:03:35', 'Y'),
(87, 'Add Availability', 1, 'New Shedule added', '2021-09-22 13:04:20', 'Y'),
(88, 'Add Availability', 1, 'New Shedule added', '2021-09-22 13:05:30', 'Y'),
(89, 'Add Availability', 1, 'Availability is deactivated. ID = 13', '2021-09-22 13:05:38', 'Y'),
(90, 'Add Availability', 1, 'Availability is deactivated. ID = 11', '2021-09-22 13:05:47', 'Y'),
(91, 'Add Availability', 1, 'Availability is activated. ID = 11', '2021-09-22 13:05:52', 'Y'),
(92, 'Add Availability', 1, 'Availability is activated. ID = 13', '2021-09-22 13:05:55', 'Y'),
(93, 'Check Availability', 1, 'New Appointment added', '2021-09-22 13:06:30', 'Y'),
(94, 'Add Availability', 1, 'Availability is deactivated. ID = 14', '2021-09-22 13:07:00', 'Y'),
(95, 'Add Availability', 1, 'Availability is deactivated. ID = 11', '2021-09-22 13:07:03', 'Y'),
(96, 'Add Availability', 1, 'Availability is deactivated. ID = 13', '2021-09-22 13:07:14', 'Y'),
(97, 'Add Availability', 1, 'Availability is activated. ID = 11', '2021-09-22 13:08:17', 'Y'),
(98, 'Add Availability', 1, 'Availability is activated. ID = 14', '2021-09-22 13:08:20', 'Y'),
(99, 'Add Availability', 1, 'Availability is activated. ID = 13', '2021-09-22 13:08:23', 'Y'),
(100, 'Add Availability', 1, 'New Shedule added', '2021-09-22 13:09:21', 'Y'),
(101, 'Add Availability', 1, 'New Shedule added', '2021-09-22 13:09:55', 'Y'),
(102, 'Add Availability', 1, 'Availability Data has been Deleted', '2021-09-22 13:10:15', 'Y'),
(103, 'Add Availability', 1, 'shedule has been deleted ID = 15', '2021-09-22 13:10:15', 'Y'),
(104, 'Home', 1, 'log into system', '2021-09-22 19:25:48', 'Y'),
(105, 'Add appointment', 1, 'appointment is deactivated. ID = 13', '2021-09-22 21:28:44', 'Y'),
(106, 'Add appointment', 1, 'appointment is deactivated. ID = 14', '2021-09-22 21:28:48', 'Y'),
(107, 'Add appointment', 1, 'appointment is deactivated. ID = 15', '2021-09-22 21:28:50', 'Y'),
(108, 'Add appointment', 1, 'appointment is deactivated. ID = 16', '2021-09-22 21:28:52', 'Y'),
(109, 'Add appointment', 1, 'appointment is deactivated. ID = 17', '2021-09-22 21:28:55', 'Y'),
(110, 'Add appointment', 1, 'appointment is deactivated. ID = 18', '2021-09-22 21:28:59', 'Y'),
(111, 'Add appointment', 1, 'appointment is deactivated. ID = 19', '2021-09-22 21:29:04', 'Y'),
(112, 'Add appointment', 1, 'appointment is deactivated. ID = 20', '2021-09-22 21:29:08', 'Y'),
(113, 'Add appointment', 1, 'appointment is deactivated. ID = 21', '2021-09-22 21:29:12', 'Y'),
(114, 'Add appointment', 1, 'appointment is deactivated. ID = 22', '2021-09-22 21:29:15', 'Y'),
(115, 'Add appointment', 1, 'appointment is deactivated. ID = 32', '2021-09-22 21:29:23', 'Y'),
(116, 'Add appointment', 1, 'appointment is deactivated. ID = 23', '2021-09-22 21:29:32', 'Y'),
(117, 'Add appointment', 1, 'appointment is deactivated. ID = 24', '2021-09-22 21:29:48', 'Y'),
(118, 'Add appointment', 1, 'appointment is deactivated. ID = 31', '2021-09-22 21:30:06', 'Y'),
(119, 'Add appointment', 1, 'appointment is deactivated. ID = 30', '2021-09-22 21:30:13', 'Y'),
(120, 'Add appointment', 1, 'appointment is deactivated. ID = 29', '2021-09-22 21:30:18', 'Y'),
(121, 'Add appointment', 1, 'appointment is deactivated. ID = 28', '2021-09-22 21:30:35', 'Y'),
(122, 'Add appointment', 1, 'appointment is deactivated. ID = 27', '2021-09-22 21:30:40', 'Y'),
(123, 'Add appointment', 1, 'appointment is deactivated. ID = 26', '2021-09-22 21:30:47', 'Y'),
(124, 'Add appointment', 1, 'appointment is deactivated. ID = 25', '2021-09-22 21:30:54', 'Y'),
(125, 'Add appointment', 1, 'appointment is deactivated. ID = 33', '2021-09-22 21:31:11', 'Y'),
(126, 'Add appointment', 1, 'appointment is deactivated. ID = 34', '2021-09-22 21:31:18', 'Y'),
(127, 'Add appointment', 1, 'appointment is deactivated. ID = 35', '2021-09-22 21:31:24', 'Y'),
(128, 'Add Availability', 1, 'Shedule data updated ', '2021-09-22 21:33:56', 'Y'),
(129, 'Check Availability', 1, 'New Appointment added', '2021-09-22 21:41:58', 'Y'),
(131, 'Check Availability', 1, 'New Appointment added', '2021-09-22 22:27:24', 'Y'),
(136, 'Add Drug', 1, 'Drug Data has been Deleted', '2021-09-23 02:00:48', 'Y'),
(137, 'Add Drug', 1, 'drug has been deleted ID = 15', '2021-09-23 02:00:48', 'Y'),
(138, 'Add User', 1, 'User details updated. User Id: 219 ', '2021-09-23 02:43:32', 'Y'),
(139, 'Add User', 1, 'User details updated. User Id: 219 ', '2021-09-23 02:44:07', 'Y'),
(140, 'Add User', 1, 'User details updated. User Id: 219 ', '2021-09-23 02:45:14', 'Y'),
(141, 'Add User', 1, 'User details updated. User Id: 219 ', '2021-09-23 02:45:48', 'Y'),
(142, 'Add Patient', 1, 'User details updated. User Id: 219 ', '2021-09-23 02:50:08', 'Y'),
(143, 'Add Prescription', 1, 'Prescription Data has been Deleted', '2021-09-23 03:59:02', 'Y'),
(144, 'Add Prescription', 1, 'prescription has been deleted ID = 18', '2021-09-23 03:59:02', 'Y'),
(145, 'Logout', 1, 'Sign out from system', '2021-09-23 04:33:58', 'Y'),
(146, 'Home', 220, 'log into system', '2021-09-23 04:34:11', 'Y'),
(147, 'Logout', 220, 'Sign out from system', '2021-09-23 05:03:43', 'Y'),
(148, 'Home', 1, 'log into system', '2021-09-23 05:03:52', 'Y'),
(149, 'Logout', 1, 'Sign out from system', '2021-09-23 05:05:34', 'Y'),
(150, 'Home', 221, 'log into system', '2021-09-23 05:05:48', 'Y'),
(151, 'Logout', 221, 'Sign out from system', '2021-09-23 05:12:31', 'Y'),
(152, 'Home', 1, 'log into system', '2021-09-23 05:12:41', 'Y'),
(153, 'Add Drug', 1, 'Drug Data has been Deleted', '2021-09-23 05:13:24', 'Y'),
(154, 'Add Drug', 1, 'drug has been deleted ID = 17', '2021-09-23 05:13:24', 'Y'),
(155, 'Add Drug', 1, 'Drug Data has been Deleted', '2021-09-23 05:14:40', 'Y'),
(156, 'Add Drug', 1, 'drug has been deleted ID = 18', '2021-09-23 05:14:40', 'Y'),
(157, 'Home', 222, 'log into system', '2021-09-23 21:55:15', 'Y'),
(158, 'Logout', 222, 'Sign out from system', '2021-09-23 23:11:25', 'Y'),
(159, 'Home', 1, 'log into system', '2021-09-23 23:11:56', 'Y'),
(160, 'Check Availability', 1, 'New Appointment added', '2021-09-23 23:19:53', 'Y'),
(161, 'View Profile', 1, 'profile picture is updated', '2021-09-24 00:15:42', 'Y'),
(162, 'View Profile', 1, 'profile picture is updated', '2021-09-24 00:16:10', 'Y'),
(163, 'View Profile', 1, 'profile picture is updated', '2021-09-24 00:20:37', 'Y'),
(164, 'View Profile', 1, 'profile picture is updated', '2021-09-24 00:20:48', 'Y'),
(165, 'View Profile', 1, 'profile picture is updated', '2021-09-24 00:21:37', 'Y'),
(166, 'View Profile', 1, 'profile picture is updated', '2021-09-24 00:25:49', 'Y'),
(167, 'Add Patient', 1, 'User details updated. User Id: 219 ', '2021-09-24 01:19:00', 'Y'),
(168, 'Add Patient', 1, 'User details updated. User Id: 219 ', '2021-09-24 01:19:22', 'Y'),
(169, 'Add Patient', 1, 'User details updated. User Id: 219 ', '2021-09-24 01:37:33', 'Y'),
(170, 'Logout', 1, 'Sign out from system', '2021-09-24 01:55:23', 'Y'),
(171, 'Home', 220, 'log into system', '2021-09-24 01:55:33', 'Y'),
(172, 'Logout', 220, 'Sign out from system', '2021-09-24 01:56:24', 'Y'),
(173, 'Home', 1, 'log into system', '2021-09-24 01:56:33', 'Y'),
(174, 'User Type', 1, 'saved data has been updated', '2021-09-24 01:57:43', 'Y'),
(175, 'Logout', 1, 'Sign out from system', '2021-09-24 01:57:49', 'Y'),
(176, 'Home', 220, 'log into system', '2021-09-24 01:57:57', 'Y'),
(177, 'Home', 1, 'log into system', '2021-09-24 10:52:40', 'Y'),
(178, 'Add appointment', 1, 'appointment is activated. ID = 13', '2021-09-24 10:59:07', 'Y'),
(179, 'Add appointment', 1, 'appointment is activated. ID = 14', '2021-09-24 10:59:09', 'Y'),
(180, 'Add appointment', 1, 'appointment is activated. ID = 15', '2021-09-24 10:59:11', 'Y'),
(181, 'Add appointment', 1, 'appointment is deactivated. ID = 13', '2021-09-24 10:59:13', 'Y'),
(182, 'Add appointment', 1, 'appointment is deactivated. ID = 14', '2021-09-24 10:59:15', 'Y'),
(183, 'Add appointment', 1, 'appointment is deactivated. ID = 15', '2021-09-24 10:59:16', 'Y'),
(184, 'Check Availability', 1, 'New Appointment added', '2021-09-24 11:00:31', 'Y'),
(185, 'Add Drug', 1, 'Drug Data has been Deleted', '2021-09-24 11:03:56', 'Y'),
(186, 'Add Drug', 1, 'drug has been deleted ID = 20', '2021-09-24 11:03:56', 'Y'),
(187, 'Add Drug', 1, 'Drug Data has been Deleted', '2021-09-24 11:05:37', 'Y'),
(188, 'Add Drug', 1, 'drug has been deleted ID = 8', '2021-09-24 11:05:37', 'Y'),
(189, 'Logout', 1, 'Sign out from system', '2021-09-24 13:15:18', 'Y'),
(190, 'Home', 1, 'log into system', '2021-09-24 13:15:39', 'Y'),
(191, 'Check Availability', 1, 'New Appointment added', '2021-09-24 13:18:33', 'Y'),
(192, 'Logout', 1, 'Sign out from system', '2021-09-24 14:23:19', 'Y'),
(193, 'Home', 1, 'log into system', '2021-09-24 15:14:43', 'Y'),
(194, 'Check Availability', 1, 'New Appointment added', '2021-09-24 15:16:52', 'Y'),
(195, 'Logout', 1, 'Sign out from system', '2021-09-24 15:36:59', 'Y'),
(196, 'Home', 220, 'log into system', '2021-09-24 15:39:06', 'Y'),
(197, 'Check Availability', 220, 'New Appointment added', '2021-09-24 15:40:33', 'Y'),
(198, 'Logout', 220, 'Sign out from system', '2021-09-24 16:03:00', 'Y'),
(199, 'Home', 1, 'log into system', '2021-09-24 16:03:17', 'Y'),
(200, 'Add User', 1, 'User Data has been Deleted', '2021-09-24 17:51:17', 'Y'),
(201, 'Add User', 1, 'User Data has been Deleted', '2021-09-24 17:51:24', 'Y'),
(202, 'Add User', 1, 'User Data has been Deleted', '2021-09-24 17:51:33', 'Y'),
(203, 'Add User', 1, 'User Data has been Deleted', '2021-09-24 17:51:43', 'Y'),
(204, 'Add User', 1, 'user has been deleted ID = 221', '2021-09-24 17:51:43', 'Y'),
(205, 'Add Patient', 1, 'Patient Data has been Deleted', '2021-09-24 17:52:16', 'Y'),
(206, 'Add Availability', 1, 'Availability Data has been Deleted', '2021-09-24 17:52:33', 'Y'),
(207, 'Add Availability', 1, 'shedule has been deleted ID = 21', '2021-09-24 17:52:33', 'Y'),
(208, 'Add User', 1, 'User is deactivated. ID = 219', '2021-09-24 18:26:13', 'Y'),
(209, 'Add User', 1, 'User Data has been Deleted', '2021-09-24 18:28:08', 'Y'),
(210, 'Add User', 1, 'user has been deleted ID = 219', '2021-09-24 18:28:08', 'Y'),
(211, 'Add User', 1, 'User Data has been Deleted', '2021-09-24 18:28:34', 'Y'),
(212, 'Add User', 1, 'User is deactivated. ID = 228', '2021-09-24 18:28:42', 'Y'),
(213, 'Add User', 1, 'User Data has been Deleted', '2021-09-24 18:28:48', 'Y'),
(214, 'Add User', 1, 'User is deactivated. ID = 225', '2021-09-24 18:32:33', 'Y'),
(215, 'Add User', 1, 'User Data has been Deleted', '2021-09-24 18:32:43', 'Y'),
(216, 'Add User', 1, 'User Data has been Deleted', '2021-09-24 18:32:51', 'Y'),
(217, 'Add User', 1, 'user has been deleted ID = 225', '2021-09-24 18:32:51', 'Y'),
(218, 'Add User', 1, 'User Data has been Deleted', '2021-09-24 18:33:02', 'Y'),
(219, 'Add User', 1, 'user has been deleted ID = 230', '2021-09-24 18:33:02', 'Y'),
(220, 'Add User', 1, 'User is activated. ID = 228', '2021-09-24 18:33:15', 'Y'),
(221, 'Add User', 1, 'User Data has been Deleted', '2021-09-24 18:33:27', 'Y'),
(222, 'Add User', 1, 'User Data has been Deleted', '2021-09-24 18:33:39', 'Y'),
(223, 'Add User', 1, 'User is deactivated. ID = 234', '2021-09-24 18:33:44', 'Y'),
(224, 'Add User', 1, 'User Data has been Deleted', '2021-09-24 18:33:51', 'Y'),
(225, 'Logout', 1, 'Sign out from system', '2021-09-24 18:37:18', 'Y'),
(226, 'Home', 1, 'log into system', '2021-09-24 18:43:01', 'Y'),
(227, 'Logout', 1, 'Sign out from system', '2021-09-24 18:43:09', 'Y'),
(228, 'Home', 1, 'log into system', '2021-09-24 18:51:27', 'Y'),
(229, 'Add User', 1, 'User is activated. ID = 234', '2021-09-24 20:16:24', 'Y'),
(230, 'Add User', 1, 'New user registered. Name: ', '2021-09-24 20:19:24', 'Y'),
(231, 'Add User', 1, 'User details updated. User Id: 1 ', '2021-09-24 20:56:21', 'Y'),
(232, 'Add Availability', 1, 'New Shedule added', '2021-09-24 20:58:35', 'Y'),
(233, 'Add Availability', 1, 'New Shedule added', '2021-09-24 20:59:20', 'Y'),
(234, 'Add Availability', 1, 'New Shedule added', '2021-09-24 20:59:49', 'Y'),
(235, 'Add Availability', 1, 'New Shedule added', '2021-09-24 21:00:28', 'Y'),
(236, 'Add Availability', 1, 'New Shedule added', '2021-09-24 21:00:54', 'Y'),
(237, 'Check Availability', 1, 'New Appointment added', '2021-09-24 21:01:48', 'Y'),
(238, 'Check Availability', 1, 'New Appointment added', '2021-09-24 21:02:06', 'Y'),
(239, 'Check Availability', 1, 'New Appointment added', '2021-09-24 21:02:39', 'Y'),
(240, 'Add Availability', 1, 'Shedule data updated ', '2021-09-24 21:03:10', 'Y'),
(241, 'Add Availability', 1, 'Shedule data updated ', '2021-09-24 21:03:19', 'Y'),
(242, 'Add Availability', 1, 'Availability is deactivated. ID = 22', '2021-09-24 21:03:20', 'Y'),
(243, 'Add Availability', 1, 'Shedule data updated ', '2021-09-24 21:03:29', 'Y'),
(244, 'Add Availability', 1, 'Shedule data updated ', '2021-09-24 21:03:38', 'Y'),
(245, 'Add Availability', 1, 'Shedule data updated ', '2021-09-24 21:03:48', 'Y'),
(246, 'Check Availability', 1, 'New Appointment added', '2021-09-24 21:04:18', 'Y'),
(247, 'Check Availability', 1, 'New Appointment added', '2021-09-24 21:04:43', 'Y'),
(248, 'Check Availability', 1, 'New Appointment added', '2021-09-24 21:05:01', 'Y'),
(249, 'Logout', 1, 'Sign out from system', '2021-09-24 21:18:37', 'Y'),
(250, 'Home', 1, 'log into system', '2021-09-24 21:18:55', 'Y'),
(251, 'Logout', 1, 'Sign out from system', '2021-09-24 21:31:05', 'Y'),
(252, 'Home', 220, 'log into system', '2021-09-24 21:31:17', 'Y'),
(253, 'Logout', 220, 'Sign out from system', '2021-09-24 21:58:32', 'Y'),
(254, 'Home', 1, 'log into system', '2021-09-24 21:58:45', 'Y'),
(255, 'Add appointment', 1, 'appointment is deactivated. ID = 52', '2021-09-24 22:03:12', 'Y'),
(256, 'Add Patient', 1, 'Patient Data has been Deleted', '2021-09-24 23:00:17', 'Y'),
(257, 'Add Patient', 1, 'Patient Data has been Deleted', '2021-09-24 23:00:43', 'Y'),
(258, 'Add Patient', 1, 'Patient Data has been Deleted', '2021-09-24 23:05:07', 'Y'),
(259, 'Add Patient', 1, 'Patient Data has been Deleted', '2021-09-24 23:09:03', 'Y'),
(260, 'Add Patient', 1, 'Patient Data has been Deleted', '2021-09-24 23:44:35', 'Y'),
(261, 'Add Patient', 1, 'Patient Data has been Deleted', '2021-09-24 23:44:37', 'Y'),
(262, 'Add Patient', 1, 'User details updated. User Id: 235 ', '2021-09-25 00:18:52', 'Y'),
(263, 'Add appointment', 1, 'appointment is activated. ID = 52', '2021-09-25 00:19:49', 'Y'),
(264, 'Check Availability', 1, 'New Appointment added', '2021-09-25 00:24:28', 'Y'),
(265, 'Check Availability', 1, 'New Appointment added', '2021-09-25 00:26:41', 'Y'),
(266, 'Check Availability', 1, 'New Appointment added', '2021-09-25 00:27:51', 'Y'),
(267, 'Check Availability', 1, 'New Appointment added', '2021-09-25 00:32:54', 'Y'),
(268, 'Check Availability', 1, 'New Appointment added', '2021-09-25 00:33:28', 'Y'),
(269, 'Check Availability', 1, 'New Appointment added', '2021-09-25 00:34:11', 'Y'),
(270, 'Check Availability', 1, 'New Appointment added', '2021-09-25 00:35:55', 'Y'),
(271, 'Check Availability', 1, 'New Appointment added', '2021-09-25 00:36:26', 'Y'),
(272, 'Add Patient', 1, 'New user registered. Name: ', '2021-09-25 00:38:19', 'Y'),
(273, 'Add Patient', 1, 'New user registered. Name: ', '2021-09-25 00:40:07', 'Y'),
(274, 'User Type', 1, 'saved data has been updated', '2021-09-25 00:41:39', 'Y'),
(275, 'Check Availability', 1, 'New Appointment added', '2021-09-25 01:15:37', 'Y'),
(276, 'Check Availability', 1, 'New Appointment added', '2021-09-25 01:15:59', 'Y'),
(277, 'Check Availability', 1, 'New Appointment added', '2021-09-25 01:16:34', 'Y'),
(278, 'Check Availability', 1, 'New Appointment added', '2021-09-25 01:16:57', 'Y'),
(279, 'Add User', 1, 'User details updated. User Id: 223 ', '2021-09-25 02:30:18', 'Y'),
(280, 'Add User', 1, 'User details updated. User Id: 223 ', '2021-09-25 02:31:03', 'Y'),
(281, 'Home', 222, 'log into system', '2021-09-25 11:25:43', 'Y'),
(282, 'Logout', 222, 'Sign out from system', '2021-09-25 11:55:17', 'Y'),
(283, 'Home', 1, 'log into system', '2021-09-25 11:55:36', 'Y'),
(284, 'Add Drug', 1, 'Drug Data has been Deleted', '2021-09-25 12:52:56', 'Y'),
(285, 'Add Drug', 1, 'Drug Data has been Deleted', '2021-09-25 12:57:09', 'Y'),
(286, 'Add Drug', 1, 'Drug Data has been Deleted', '2021-09-25 12:57:11', 'Y'),
(287, 'Add Drug', 1, 'Drug Data has been Deleted', '2021-09-25 13:00:37', 'Y'),
(288, 'Add Drug', 1, 'Drug Data has been Deleted', '2021-09-25 13:01:47', 'Y'),
(289, 'Add Drug', 1, 'Drug Data has been Deleted', '2021-09-25 13:01:49', 'Y'),
(290, 'Add Drug', 1, 'Drug Data has been Deleted', '2021-09-25 13:03:01', 'Y'),
(291, 'Add Drug', 1, 'Drug Data has been Deleted', '2021-09-25 13:08:34', 'Y'),
(292, 'Add Drug', 1, 'Drug Data has been Deleted', '2021-09-25 13:09:00', 'Y'),
(293, 'Add Drug', 1, 'Drug Data has been Deleted', '2021-09-25 13:09:01', 'Y'),
(294, 'Add Drug', 1, 'Drug Data has been Deleted', '2021-09-25 13:09:02', 'Y'),
(295, 'Add Drug', 1, 'Drug Data has been Deleted', '2021-09-25 13:09:15', 'Y'),
(296, 'Add Patient', 1, 'New user registered. Name: ', '2021-09-25 13:13:39', 'Y'),
(297, 'Add Patient', 1, 'Patient Data has been Deleted', '2021-09-25 13:14:02', 'Y'),
(298, 'Add Patient', 1, 'Patient Data has been Deleted', '2021-09-25 13:15:29', 'Y'),
(299, 'Add Drug', 1, 'Drug Data has been Deleted', '2021-09-25 15:54:30', 'Y'),
(300, 'Add Drug', 1, 'Drug Data has been Deleted', '2021-09-25 16:02:19', 'Y'),
(301, 'Add Drug', 1, 'drug has been deleted ID = 27', '2021-09-25 16:02:19', 'Y'),
(302, 'Logout', 1, 'Sign out from system', '2021-09-25 16:11:07', 'Y'),
(303, 'Home', 1, 'log into system', '2021-09-25 16:11:18', 'Y'),
(304, 'Logout', 1, 'Sign out from system', '2021-09-25 16:57:40', 'Y'),
(305, 'Home', 220, 'log into system', '2021-09-25 16:57:54', 'Y'),
(306, 'Logout', 220, 'Sign out from system', '2021-09-25 17:00:22', 'Y'),
(307, 'Home', 223, 'log into system', '2021-09-25 17:01:43', 'Y'),
(308, 'Logout', 223, 'Sign out from system', '2021-09-25 17:02:58', 'Y'),
(309, 'Home', 236, 'log into system', '2021-09-25 17:03:22', 'Y'),
(310, 'Logout', 236, 'Sign out from system', '2021-09-25 17:14:17', 'Y'),
(311, 'Home', 1, 'log into system', '2021-09-25 17:15:08', 'Y'),
(312, 'User Type', 1, 'saved data has been updated', '2021-09-25 17:22:54', 'Y'),
(313, 'User Type', 1, 'saved data has been updated', '2021-09-25 17:23:45', 'Y'),
(314, 'User Type', 1, 'saved data has been updated', '2021-09-25 17:24:05', 'Y'),
(315, 'Add User', 1, 'New user registered. Name: ', '2021-09-25 20:18:57', 'Y'),
(316, 'Logout', 1, 'Sign out from system', '2021-09-25 21:11:13', 'Y'),
(317, 'Home', 1, 'log into system', '2021-09-25 21:11:34', 'Y'),
(318, 'Logout', 1, 'Sign out from system', '2021-09-25 21:51:05', 'Y'),
(319, 'Home', 1, 'log into system', '2021-09-25 21:53:31', 'Y'),
(320, 'Add Availability', 1, 'Availability is activated. ID = 22', '2021-09-25 21:56:44', 'Y'),
(321, 'Add Availability', 1, 'Availability is deactivated. ID = 22', '2021-09-25 21:56:52', 'Y'),
(322, 'Check Availability', 1, 'New Appointment added', '2021-09-25 23:09:32', 'Y'),
(323, 'Check Availability', 1, 'New Appointment added', '2021-09-25 23:23:23', 'Y'),
(324, 'Add appointment', 1, 'appointment is deactivated. ID = 65', '2021-09-25 23:25:33', 'Y'),
(325, 'Check Availability', 1, 'New Appointment added', '2021-09-25 23:29:33', 'Y'),
(326, 'Check Availability', 1, 'New Appointment added', '2021-09-25 23:32:56', 'Y'),
(327, 'Logout', 1, 'Sign out from system', '2021-09-26 00:52:33', 'Y'),
(328, 'Home', 1, 'log into system', '2021-09-26 00:52:53', 'Y'),
(329, 'Logout', 1, 'Sign out from system', '2021-09-26 00:57:14', 'Y'),
(330, 'Home', 220, 'log into system', '2021-09-26 00:57:27', 'Y'),
(331, 'Check Availability', 220, 'New Appointment added', '2021-09-26 00:57:44', 'Y'),
(332, 'Logout', 220, 'Sign out from system', '2021-09-26 00:58:03', 'Y'),
(333, 'Home', 1, 'log into system', '2021-09-26 00:59:04', 'Y'),
(334, 'Logout', 1, 'Sign out from system', '2021-09-26 01:01:12', 'Y'),
(335, 'Home', 1, 'log into system', '2021-09-26 01:01:26', 'Y'),
(336, 'Check Availability', 1, 'New Appointment added', '2021-09-26 01:44:11', 'Y'),
(337, 'Check Availability', 1, 'New Appointment added', '2021-09-26 01:46:48', 'Y'),
(338, 'Add Availability', 1, 'New Shedule added', '2021-09-26 02:04:50', 'Y'),
(339, 'Add Availability', 1, 'Shedule data updated ', '2021-09-26 02:05:14', 'Y'),
(340, 'Logout', 1, 'Sign out from system', '2021-09-26 02:08:18', 'Y'),
(341, 'Home', 1, 'log into system', '2021-09-26 09:58:29', 'Y'),
(342, 'Logout', 1, 'Sign out from system', '2021-09-26 09:59:02', 'Y'),
(343, 'Home', 222, 'log into system', '2021-09-26 09:59:27', 'Y'),
(344, 'Add Availability', 222, 'Availability Data has been Deleted', '2021-09-26 10:00:43', 'Y'),
(345, 'Add Availability', 222, 'shedule has been deleted ID = 27', '2021-09-26 10:00:43', 'Y'),
(346, 'Logout', 222, 'Sign out from system', '2021-09-26 10:08:53', 'Y'),
(347, 'Home', 220, 'log into system', '2021-09-26 10:09:14', 'Y'),
(348, 'Check Availability', 220, 'New Appointment added', '2021-09-26 10:10:24', 'Y'),
(349, 'Logout', 220, 'Sign out from system', '2021-09-26 10:12:02', 'Y'),
(350, 'Home', 1, 'log into system', '2021-09-26 10:12:39', 'Y'),
(351, 'Logout', 1, 'Sign out from system', '2021-09-26 10:15:50', 'Y'),
(352, 'Home', 220, 'log into system', '2021-09-26 10:16:03', 'Y'),
(353, 'Logout', 220, 'Sign out from system', '2021-09-26 10:18:16', 'Y'),
(354, 'Home', 223, 'log into system', '2021-09-26 10:18:37', 'Y'),
(355, 'Logout', 223, 'Sign out from system', '2021-09-26 10:21:38', 'Y'),
(356, 'Home', 236, 'log into system', '2021-09-26 10:21:56', 'Y'),
(357, 'Logout', 236, 'Sign out from system', '2021-09-26 10:29:36', 'Y'),
(358, 'Home', 1, 'log into system', '2021-09-26 10:29:56', 'Y'),
(359, 'Logout', 1, 'Sign out from system', '2021-09-26 10:43:38', 'Y'),
(360, 'Home', 220, 'log into system', '2021-09-26 10:44:06', 'Y'),
(361, 'Logout', 220, 'Sign out from system', '2021-09-26 10:47:20', 'Y'),
(362, 'Home', 1, 'log into system', '2021-09-26 10:47:45', 'Y'),
(363, 'Logout', 1, 'Sign out from system', '2021-09-26 11:22:49', 'Y'),
(364, 'Home', 220, 'log into system', '2021-09-26 11:23:01', 'Y'),
(365, 'Logout', 220, 'Sign out from system', '2021-09-26 11:28:00', 'Y'),
(366, 'Home', 220, 'log into system', '2021-09-26 11:28:40', 'Y'),
(367, 'Logout', 220, 'Sign out from system', '2021-09-26 11:29:14', 'Y'),
(368, 'Home', 1, 'log into system', '2021-09-26 11:29:45', 'Y'),
(369, 'Logout', 1, 'Sign out from system', '2021-09-26 11:52:10', 'Y'),
(370, 'Home', 1, 'log into system', '2021-09-26 11:52:37', 'Y'),
(371, 'Logout', 1, 'Sign out from system', '2021-09-26 11:52:58', 'Y'),
(372, 'Home', 222, 'log into system', '2021-09-26 11:53:12', 'Y'),
(373, 'Logout', 222, 'Sign out from system', '2021-09-26 11:57:43', 'Y'),
(374, 'Home', 220, 'log into system', '2021-09-26 11:57:58', 'Y'),
(375, 'Logout', 220, 'Sign out from system', '2021-09-26 12:00:17', 'Y'),
(376, 'Home', 223, 'log into system', '2021-09-26 12:00:30', 'Y'),
(377, 'Logout', 223, 'Sign out from system', '2021-09-26 12:03:21', 'Y'),
(378, 'Home', 236, 'log into system', '2021-09-26 12:03:31', 'Y'),
(379, 'Logout', 236, 'Sign out from system', '2021-09-26 12:17:19', 'Y'),
(380, 'Home', 1, 'log into system', '2021-09-26 12:25:24', 'Y'),
(381, 'Logout', 1, 'Sign out from system', '2021-09-26 13:16:24', 'Y'),
(382, 'Home', 1, 'log into system', '2021-09-26 13:43:10', 'Y'),
(383, 'Logout', 1, 'Sign out from system', '2021-09-26 13:47:02', 'Y'),
(384, 'Home', 1, 'log into system', '2021-09-26 15:44:14', 'Y'),
(385, 'Logout', 1, 'Sign out from system', '2021-09-26 15:44:36', 'Y'),
(386, 'Home', 222, 'log into system', '2021-09-26 15:44:51', 'Y'),
(387, 'Add Availability', 222, 'Availability is deactivated. ID = 23', '2021-09-26 15:46:42', 'Y'),
(388, 'Logout', 222, 'Sign out from system', '2021-09-26 15:49:12', 'Y'),
(389, 'Home', 220, 'log into system', '2021-09-26 15:49:33', 'Y'),
(390, 'Logout', 220, 'Sign out from system', '2021-09-26 15:51:37', 'Y'),
(391, 'Home', 220, 'log into system', '2021-09-26 15:53:52', 'Y'),
(392, 'Logout', 220, 'Sign out from system', '2021-09-26 15:55:10', 'Y'),
(393, 'Home', 223, 'log into system', '2021-09-26 15:55:35', 'Y'),
(394, 'Add Prescription', 223, 'Prescription Data has been Deleted', '2021-09-26 15:56:32', 'Y'),
(395, 'Add Prescription', 223, 'prescription has been deleted ID = 32', '2021-09-26 15:56:32', 'Y'),
(396, 'Logout', 223, 'Sign out from system', '2021-09-26 15:59:30', 'Y'),
(397, 'Home', 236, 'log into system', '2021-09-26 16:00:07', 'Y'),
(398, 'Logout', 236, 'Sign out from system', '2021-09-26 16:05:40', 'Y'),
(399, 'Home', 1, 'log into system', '2021-09-26 16:05:56', 'Y'),
(400, 'Logout', 1, 'Sign out from system', '2021-09-26 16:16:01', 'Y'),
(401, 'Home', 1, 'log into system', '2021-09-26 16:16:12', 'Y'),
(402, 'Logout', 1, 'Sign out from system', '2021-09-26 16:58:10', 'Y'),
(403, 'Home', 1, 'log into system', '2021-09-26 16:58:27', 'Y'),
(404, 'Logout', 1, 'Sign out from system', '2021-09-26 16:58:49', 'Y'),
(405, 'Home', 222, 'log into system', '2021-09-26 16:59:03', 'Y'),
(406, 'Add Patient', 222, 'New user registered. Name: ', '2021-09-26 17:01:05', 'Y'),
(407, 'Add Availability', 222, 'New Shedule added', '2021-09-26 17:02:13', 'Y'),
(408, 'Logout', 222, 'Sign out from system', '2021-09-26 17:02:49', 'Y'),
(409, 'Home', 220, 'log into system', '2021-09-26 17:02:59', 'Y'),
(410, 'Check Availability', 220, 'New Appointment added', '2021-09-26 17:03:25', 'Y'),
(411, 'Logout', 220, 'Sign out from system', '2021-09-26 17:04:04', 'Y'),
(412, 'Home', 223, 'log into system', '2021-09-26 17:04:16', 'Y'),
(413, 'Logout', 223, 'Sign out from system', '2021-09-26 17:06:11', 'Y'),
(414, 'Home', 236, 'log into system', '2021-09-26 17:06:22', 'Y'),
(415, 'Logout', 236, 'Sign out from system', '2021-09-26 17:08:11', 'Y'),
(416, 'Home', 1, 'log into system', '2021-09-26 17:08:25', 'Y'),
(417, 'Add Patient', 1, 'New user registered. Name: ', '2021-09-26 18:18:40', 'Y'),
(418, 'Home', 1, 'log into system', '2021-09-29 23:21:44', 'Y'),
(419, 'Logout', 1, 'Sign out from system', '2021-09-30 00:50:19', 'Y'),
(420, 'Home', 1, 'log into system', '2021-09-30 13:14:10', 'Y'),
(421, 'Home', 1, 'log into system', '2021-09-30 15:30:10', 'Y'),
(422, 'Home', 1, 'log into system', '2021-10-01 00:33:23', 'Y'),
(423, 'Logout', 1, 'Sign out from system', '2021-10-01 00:36:41', 'Y'),
(424, 'Home', 1, 'log into system', '2021-10-01 01:33:44', 'Y'),
(425, 'Logout', 1, 'Sign out from system', '2021-10-01 01:33:50', 'Y'),
(426, 'Home', 1, 'log into system', '2021-10-01 01:35:41', 'Y'),
(427, 'Logout', 1, 'Sign out from system', '2021-10-01 01:35:49', 'Y'),
(428, 'Home', 220, 'log into system', '2021-10-01 01:44:30', 'Y'),
(429, 'Logout', 220, 'Sign out from system', '2021-10-01 02:16:06', 'Y'),
(430, 'Home', 1, 'log into system', '2021-10-01 02:16:16', 'Y'),
(431, 'Home', 1, 'log into system', '2021-10-01 20:38:45', 'Y'),
(432, 'Home', 1, 'log into system', '2021-10-01 23:17:37', 'Y'),
(433, 'Home', 1, 'log into system', '2021-10-02 23:09:28', 'Y'),
(434, 'Home', 1, 'log into system', '2021-10-19 21:30:28', 'Y'),
(435, 'Add Drug', 1, 'Drug is deactivated. ID = 24', '2021-10-20 00:22:35', 'Y'),
(436, 'Add Drug', 1, 'Drug is deactivated. ID = 24', '2021-10-20 00:23:36', 'Y'),
(437, 'Add Drug', 1, 'Drug Data has been Deleted', '2021-10-20 00:23:57', 'Y'),
(438, 'Add Drug', 1, 'drug has been deleted ID = 24', '2021-10-20 00:23:57', 'Y'),
(439, 'Add appointment', 1, 'appointment is deactivated. ID = 61', '2021-10-20 00:29:54', 'Y'),
(440, 'Add appointment', 1, 'appointment is activated. ID = 61', '2021-10-20 00:30:00', 'Y'),
(441, 'Add Availability', 1, 'New Shedule added', '2021-10-20 00:37:53', 'Y'),
(442, 'Add Availability', 1, 'Shedule data updated ', '2021-10-20 00:38:15', 'Y'),
(443, 'Add Availability', 1, 'Availability is deactivated. ID = 29', '2021-10-20 00:38:28', 'Y'),
(444, 'Add Availability', 1, 'Availability Data has been Deleted', '2021-10-20 00:38:40', 'Y'),
(445, 'Add Availability', 1, 'shedule has been deleted ID = 29', '2021-10-20 00:38:40', 'Y'),
(446, 'Add Availability', 1, 'New Shedule added', '2021-10-20 00:47:39', 'Y'),
(447, 'Check Availability', 1, 'New Appointment added', '2021-10-20 00:57:06', 'Y'),
(448, 'Logout', 1, 'Sign out from system', '2021-10-20 01:14:31', 'Y'),
(449, 'Home', 220, 'log into system', '2021-10-20 01:15:01', 'Y'),
(450, 'Logout', 220, 'Sign out from system', '2021-10-20 01:15:41', 'Y'),
(451, 'Home', 1, 'log into system', '2021-10-20 01:15:49', 'Y'),
(452, 'Add Patient', 1, 'New user registered. Name: ', '2021-10-20 01:25:42', 'Y'),
(453, 'Add Patient', 1, 'User details updated. User Id: 243 ', '2021-10-20 01:26:34', 'Y'),
(454, 'Add Patient', 1, 'Patient is deactivated. ID = 243', '2021-10-20 01:26:51', 'Y'),
(455, 'Add Patient', 1, 'Patient is activated. ID = 243', '2021-10-20 01:26:57', 'Y'),
(456, 'Add Patient', 1, 'Patient Data has been Deleted', '2021-10-20 01:27:07', 'Y'),
(457, 'Add Patient', 1, 'user has been deleted ID = 243', '2021-10-20 01:27:07', 'Y'),
(458, 'Add User', 1, 'User details updated. User Id: 220 ', '2021-10-20 01:39:04', 'Y'),
(459, 'Home', 220, 'log into system', '2021-10-20 13:47:10', 'Y'),
(460, 'Logout', 220, 'Sign out from system', '2021-10-20 15:01:50', 'Y'),
(461, 'Home', 1, 'log into system', '2021-10-20 15:02:19', 'Y'),
(462, 'Check Availability', 1, 'New Appointment added', '2021-10-20 15:53:31', 'Y'),
(463, 'Check Availability', 1, 'New Appointment added', '2021-10-20 15:53:42', 'Y'),
(464, 'Check Availability', 1, 'New Appointment added', '2021-10-20 17:24:13', 'Y'),
(465, 'Check Availability', 1, 'New Appointment added', '2021-10-20 17:24:51', 'Y'),
(466, 'Check Availability', 1, 'New Appointment added', '2021-10-20 17:47:30', 'Y'),
(467, 'Check Availability', 1, 'New Appointment added', '2021-10-20 17:58:45', 'Y'),
(468, 'Add Drug', 1, 'Drug is deactivated. ID = 1', '2021-10-20 19:43:00', 'Y'),
(469, 'Add Drug', 1, 'Drug is activated. ID = 1', '2021-10-20 19:43:03', 'Y'),
(470, 'Logout', 1, 'Sign out from system', '2021-10-20 22:14:31', 'Y'),
(471, 'Home', 1, 'log into system', '2021-10-20 22:14:50', 'Y'),
(472, 'Add Availability', 1, 'New Shedule added', '2021-10-20 22:17:28', 'Y'),
(473, 'Add Availability', 1, 'Shedule data updated ', '2021-10-20 22:18:14', 'Y'),
(474, 'Add Availability', 1, 'Availability is deactivated. ID = 31', '2021-10-20 22:18:22', 'Y'),
(475, 'Add Availability', 1, 'Availability is activated. ID = 31', '2021-10-20 22:18:26', 'Y'),
(476, 'Add Availability', 1, 'Availability Data has been Deleted', '2021-10-20 22:18:31', 'Y'),
(477, 'Add Availability', 1, 'shedule has been deleted ID = 31', '2021-10-20 22:18:31', 'Y'),
(478, 'Logout', 1, 'Sign out from system', '2021-10-20 23:00:07', 'Y'),
(479, 'Home', 1, 'log into system', '2021-10-20 23:00:19', 'Y'),
(480, 'Logout', 1, 'Sign out from system', '2021-10-20 23:00:52', 'Y'),
(481, 'Home', 220, 'log into system', '2021-10-20 23:01:05', 'Y'),
(482, 'Logout', 220, 'Sign out from system', '2021-10-20 23:02:53', 'Y'),
(483, 'Home', 222, 'log into system', '2021-10-20 23:03:22', 'Y'),
(484, 'Logout', 222, 'Sign out from system', '2021-10-20 23:03:41', 'Y'),
(485, 'Home', 236, 'log into system', '2021-10-20 23:04:01', 'Y'),
(486, 'Logout', 236, 'Sign out from system', '2021-10-20 23:12:27', 'Y'),
(487, 'Home', 222, 'log into system', '2021-10-20 23:12:38', 'Y'),
(488, 'Logout', 222, 'Sign out from system', '2021-10-20 23:13:44', 'Y'),
(489, 'Home', 1, 'log into system', '2021-10-20 23:14:00', 'Y'),
(490, 'Check Availability', 1, 'New Appointment added', '2021-10-21 00:46:58', 'Y'),
(491, 'Check Availability', 1, 'New Appointment added', '2021-10-21 00:47:06', 'Y'),
(492, 'Check Availability', 1, 'New Appointment added', '2021-10-21 01:50:01', 'Y'),
(493, 'Check Availability', 1, 'New Appointment added', '2021-10-21 01:59:23', 'Y'),
(494, 'Home', 1, 'log into system', '2021-10-21 22:25:07', 'Y'),
(495, 'Add Availability', 1, 'Shedule data updated ', '2021-10-21 22:34:04', 'Y'),
(496, 'Add Availability', 1, 'Availability Data has been Deleted', '2021-10-21 22:34:31', 'Y'),
(497, 'Add Availability', 1, 'shedule has been deleted ID = 28', '2021-10-21 22:34:31', 'Y'),
(498, 'Add Availability', 1, 'New Shedule added', '2021-10-21 22:38:06', 'Y'),
(499, 'Check Availability', 1, 'New Appointment added', '2021-10-21 23:02:22', 'Y'),
(500, 'Check Availability', 1, 'New Appointment added', '2021-10-21 23:04:09', 'Y'),
(501, 'Check Availability', 1, 'New Appointment added', '2021-10-21 23:37:24', 'Y'),
(502, 'Check Availability', 1, 'New Appointment added', '2021-10-21 23:54:16', 'Y'),
(503, 'Check Availability', 1, 'New Appointment added', '2021-10-22 00:06:21', 'Y'),
(504, 'Logout', 1, 'Sign out from system', '2021-10-22 00:27:36', 'Y'),
(505, 'Home', 1, 'log into system', '2021-10-22 00:35:40', 'Y'),
(506, 'Logout', 1, 'Sign out from system', '2021-10-22 00:50:59', 'Y'),
(507, 'Home', 1, 'log into system', '2021-10-22 00:51:10', 'Y'),
(508, 'Home', 1, 'log into system', '2021-10-24 00:05:46', 'Y'),
(509, 'Add Availability', 1, 'New Shedule added', '2021-10-24 00:28:21', 'Y'),
(510, 'Check Availability', 1, 'New Appointment added', '2021-10-24 00:28:30', 'Y'),
(511, 'Check Availability', 1, 'New Appointment added', '2021-10-24 00:37:09', 'Y'),
(512, 'Check Availability', 1, 'New Appointment added', '2021-10-24 00:49:20', 'Y'),
(513, 'Add Availability', 1, 'New Shedule added', '2021-10-24 01:59:34', 'Y'),
(514, 'Add Availability', 1, 'New Shedule added', '2021-10-24 02:30:13', 'Y'),
(515, 'Add Availability', 1, 'Shedule data updated ', '2021-10-24 02:30:40', 'Y'),
(516, 'Check Availability', 1, 'New Appointment added', '2021-10-24 02:30:59', 'Y'),
(517, 'Check Availability', 1, 'New Appointment added', '2021-10-24 02:52:24', 'Y'),
(518, 'Home', 1, 'log into system', '2021-10-25 23:06:21', 'Y'),
(519, 'Home', 1, 'log into system', '2021-10-26 16:43:06', 'Y'),
(520, 'Home', 1, 'log into system', '2021-10-26 23:04:17', 'Y'),
(521, 'Add Complain', 1, 'Complain has been Deleted', '2021-10-26 23:55:42', 'Y'),
(522, 'Add Complain', 1, 'complain has been deleted ID = 1', '2021-10-26 23:55:42', 'Y'),
(523, 'Logout', 1, 'Sign out from system', '2021-10-27 00:02:34', 'Y'),
(524, 'Home', 1, 'log into system', '2021-10-27 00:03:13', 'Y'),
(525, 'Check Availability', 1, 'New Appointment added', '2021-10-27 02:03:33', 'Y'),
(526, 'Check Availability', 1, 'New Appointment added', '2021-10-27 02:13:45', 'Y'),
(527, 'Home', 1, 'log into system', '2021-10-27 12:21:23', 'Y'),
(528, 'Add Availability', 1, 'Availability is deactivated. ID = 24', '2021-10-27 12:37:21', 'Y'),
(529, 'Add Availability', 1, 'Availability is deactivated. ID = 25', '2021-10-27 12:37:23', 'Y'),
(530, 'Add Availability', 1, 'Availability is deactivated. ID = 30', '2021-10-27 12:37:25', 'Y'),
(531, 'Add Availability', 1, 'Availability is deactivated. ID = 26', '2021-10-27 12:37:28', 'Y'),
(532, 'Add Availability', 1, 'Availability is deactivated. ID = 32', '2021-10-27 12:37:31', 'Y'),
(533, 'Add Availability', 1, 'Availability is deactivated. ID = 35', '2021-10-27 12:37:33', 'Y'),
(534, 'Add Availability', 1, 'Availability is deactivated. ID = 33', '2021-10-27 12:37:35', 'Y'),
(535, 'Add Availability', 1, 'New Shedule added', '2021-10-27 12:38:51', 'Y'),
(536, 'Home', 1, 'log into system', '2021-10-29 12:37:05', 'Y'),
(537, 'Logout', 1, 'Sign out from system', '2021-10-29 12:52:02', 'Y'),
(538, 'Home', 223, 'log into system', '2021-10-29 12:52:28', 'Y'),
(539, 'Logout', 223, 'Sign out from system', '2021-10-29 12:56:58', 'Y'),
(540, 'Home', 1, 'log into system', '2021-10-29 12:57:23', 'Y'),
(541, 'Add Availability', 1, 'New Shedule added', '2021-10-29 13:16:57', 'Y'),
(542, 'Check Availability', 1, 'New Appointment added', '2021-10-29 13:33:51', 'Y'),
(543, 'Check Availability', 1, 'New Appointment added', '2021-10-29 13:35:13', 'Y'),
(544, 'Check Availability', 1, 'New Appointment added', '2021-10-29 13:37:09', 'Y'),
(545, 'Check Availability', 1, 'New Appointment added', '2021-10-29 13:38:37', 'Y'),
(546, 'Check Availability', 1, 'New Appointment added', '2021-10-29 13:38:42', 'Y'),
(547, 'Check Availability', 1, 'New Appointment added', '2021-10-29 13:41:01', 'Y'),
(548, 'Home', 1, 'log into system', '2021-10-29 19:47:49', 'Y'),
(549, 'Check Availability', 1, 'New Appointment added', '2021-10-29 19:55:32', 'Y'),
(550, 'Check Availability', 1, 'New Appointment added', '2021-10-29 19:58:12', 'Y'),
(551, 'Check Availability', 1, 'New Appointment added', '2021-10-29 20:01:44', 'Y'),
(552, 'Check Availability', 1, 'New Appointment added', '2021-10-29 20:06:02', 'Y'),
(553, 'Check Availability', 1, 'New Appointment added', '2021-10-29 21:14:56', 'Y'),
(554, 'Home', 1, 'log into system', '2021-10-29 23:29:57', 'Y'),
(555, 'Check Availability', 1, 'New Appointment added', '2021-10-30 00:28:32', 'Y'),
(556, 'Check Availability', 1, 'New Appointment added', '2021-10-30 00:29:48', 'Y'),
(557, 'Check Availability', 1, 'New Appointment added', '2021-10-30 00:30:15', 'Y'),
(558, 'Check Availability', 1, 'New Appointment added', '2021-10-30 00:33:00', 'Y'),
(559, 'Check Availability', 1, 'New Appointment added', '2021-10-30 00:33:20', 'Y'),
(560, 'Check Availability', 1, 'New Appointment added', '2021-10-30 00:35:46', 'Y'),
(561, 'Check Availability', 1, 'New Appointment added', '2021-10-30 00:36:30', 'Y'),
(562, 'Check Availability', 1, 'New Appointment added', '2021-10-30 00:37:24', 'Y'),
(563, 'Check Availability', 1, 'New Appointment added', '2021-10-30 00:47:28', 'Y'),
(564, 'Logout', 1, 'Sign out from system', '2021-10-30 01:10:06', 'Y'),
(565, 'Home', 1, 'log into system', '2021-10-30 01:10:14', 'Y'),
(566, 'Logout', 1, 'Sign out from system', '2021-10-30 01:15:03', 'Y'),
(567, 'Home', 1, 'log into system', '2021-10-30 01:15:13', 'Y'),
(568, 'Logout', 1, 'Sign out from system', '2021-10-30 01:17:23', 'Y'),
(569, 'Home', 1, 'log into system', '2021-10-30 01:17:33', 'Y'),
(570, 'Logout', 1, 'Sign out from system', '2021-10-30 01:17:41', 'Y'),
(571, 'Home', 220, 'log into system', '2021-10-30 01:17:50', 'Y'),
(572, 'Logout', 220, 'Sign out from system', '2021-10-30 01:18:32', 'Y'),
(573, 'Home', 1, 'log into system', '2021-10-30 01:18:49', 'Y'),
(574, 'Home', 1, 'log into system', '2021-10-30 17:52:08', 'Y'),
(577, 'Add Patient', 1, 'New user registered. Name: ', '2021-10-30 20:25:36', 'Y'),
(578, 'Add Availability', 1, 'New Shedule added', '2021-10-30 23:48:17', 'Y'),
(579, 'Logout', 1, 'Sign out from system', '2021-10-31 00:33:06', 'Y'),
(580, 'Home', 1, 'log into system', '2021-10-31 00:33:16', 'Y'),
(581, 'Check Availability', 1, 'New Appointment added', '2021-10-31 01:27:16', 'Y'),
(582, 'Add Availability', 1, 'Shedule data updated ', '2021-10-31 01:28:45', 'Y'),
(583, 'Add Availability', 1, 'New Shedule added', '2021-10-31 01:30:26', 'Y'),
(584, 'Check Availability', 1, 'New Appointment added', '2021-10-31 01:30:49', 'Y'),
(586, 'Logout', 1, 'Sign out from system', '2021-10-31 01:33:38', 'Y'),
(587, 'Home', 223, 'log into system', '2021-10-31 01:34:01', 'Y'),
(589, 'Add Prescription', 223, 'New Prescription added', '2021-10-31 01:41:39', 'Y'),
(591, 'Add Prescription', 223, 'New Prescription added', '2021-10-31 01:44:48', 'Y'),
(592, 'Logout', 223, 'Sign out from system', '2021-10-31 01:52:01', 'Y'),
(593, 'Home', 1, 'log into system', '2021-10-31 01:52:12', 'Y'),
(594, 'Add Prescription', 1, 'Prescription Data has been Deleted', '2021-10-31 02:17:31', 'Y'),
(595, 'Add Prescription', 1, 'prescription has been deleted ID = 37', '2021-10-31 02:17:31', 'Y'),
(596, 'Add Prescription', 1, 'Prescription Data has been Deleted', '2021-10-31 02:17:40', 'Y'),
(597, 'Add Prescription', 1, 'prescription has been deleted ID = 40', '2021-10-31 02:17:40', 'Y'),
(598, 'Add Prescription', 1, 'Prescription Data has been Deleted', '2021-10-31 02:17:56', 'Y'),
(599, 'Add Prescription', 1, 'prescription has been deleted ID = 41', '2021-10-31 02:17:56', 'Y'),
(600, 'Add Prescription', 1, 'Prescription Data has been Deleted', '2021-10-31 02:18:12', 'Y'),
(601, 'Add Prescription', 1, 'prescription has been deleted ID = 47', '2021-10-31 02:18:12', 'Y'),
(602, 'Add Prescription', 1, 'Prescription Data has been Deleted', '2021-10-31 02:18:18', 'Y'),
(603, 'Add Prescription', 1, 'prescription has been deleted ID = 43', '2021-10-31 02:18:18', 'Y'),
(604, 'Add Prescription', 1, 'Prescription Data has been Deleted', '2021-10-31 02:18:24', 'Y'),
(605, 'Add Prescription', 1, 'prescription has been deleted ID = 46', '2021-10-31 02:18:24', 'Y'),
(606, 'Home', 1, 'log into system', '2021-11-01 11:04:13', 'Y'),
(607, 'Logout', 1, 'Sign out from system', '2021-11-01 11:38:39', 'Y'),
(608, 'Home', 1, 'log into system', '2021-11-01 11:38:58', 'Y'),
(609, 'Logout', 1, 'Sign out from system', '2021-11-01 12:30:29', 'Y'),
(610, 'Home', 1, 'log into system', '2021-11-01 12:30:46', 'Y'),
(611, 'Logout', 1, 'Sign out from system', '2021-11-01 12:30:53', 'Y'),
(612, 'Home', 1, 'log into system', '2021-11-01 12:31:21', 'Y'),
(613, 'View Profile', 1, 'password data has been updated', '2021-11-01 15:12:55', 'Y'),
(614, 'View Profile', 1, 'profile picture is updated', '2021-11-01 16:11:33', 'Y'),
(615, 'View Profile', 1, 'profile picture is updated', '2021-11-01 16:11:59', 'Y'),
(616, 'View Profile', 1, 'profile picture is updated', '2021-11-01 16:16:39', 'Y'),
(617, 'View Profile', 1, 'profile picture is updated', '2021-11-01 16:18:45', 'Y'),
(618, 'View Profile', 1, 'profile picture is updated', '2021-11-01 16:18:57', 'Y'),
(619, 'Logout', 1, 'Sign out from system', '2021-11-01 18:01:54', 'Y'),
(620, 'Home', 1, 'log into system', '2021-11-01 18:17:22', 'Y'),
(621, 'Logout', 1, 'Sign out from system', '2021-11-01 18:25:11', 'Y'),
(622, 'Home', 1, 'log into system', '2021-11-01 18:25:40', 'Y'),
(623, 'Logout', 1, 'Sign out from system', '2021-11-01 18:26:57', 'Y'),
(624, 'Home', 1, 'log into system', '2021-11-01 18:28:10', 'Y'),
(625, 'Logout', 1, 'Sign out from system', '2021-11-01 18:29:14', 'Y'),
(626, 'Home', 1, 'log into system', '2021-11-01 18:30:10', 'Y'),
(627, 'Logout', 1, 'Sign out from system', '2021-11-01 18:31:19', 'Y'),
(628, 'View Profile', 1, 'password data has been updated', '2021-11-02 03:20:59', 'Y'),
(629, 'View Profile', 1, 'profile picture is updated', '2021-11-02 03:48:55', 'Y'),
(630, 'View Profile', 1, 'profile picture is updated', '2021-11-02 03:49:15', 'Y'),
(631, 'View Profile', 1, 'profile picture is updated', '2021-11-02 03:51:59', 'Y'),
(632, 'View Profile', 1, 'profile picture is updated', '2021-11-02 04:06:18', 'Y'),
(633, 'View Profile', 1, 'profile picture is updated', '2021-11-02 04:17:45', 'Y'),
(634, 'Logout', 1, 'Sign out from system', '2021-11-02 04:46:37', 'Y'),
(635, 'Add User', 1, 'User details updated. User Id: 220 ', '2021-11-02 23:22:31', 'Y'),
(636, 'Add User', 1, 'User is deactivated. ID = 220', '2021-11-03 00:01:44', 'Y'),
(637, 'Add User', 1, 'User is activated. ID = 220', '2021-11-03 00:01:47', 'Y'),
(638, 'Add appointment', 1, 'appointment is deactivated. ID = 118', '2021-11-03 00:05:11', 'Y'),
(639, 'Add appointment', 1, 'appointment is activated. ID = 118', '2021-11-03 00:05:14', 'Y'),
(640, 'Add User', 1, 'New user registered. Name: ', '2021-11-03 23:40:47', 'Y'),
(641, 'Add User', 1, 'User details updated. User Id: 247 ', '2021-11-03 23:45:57', 'Y'),
(642, 'Add User', 1, 'User is deactivated. ID = 231', '2021-11-04 01:31:00', 'Y'),
(643, 'Add User', 1, 'User is deactivated. ID = 229', '2021-11-04 01:33:17', 'Y'),
(644, 'Add User', 1, 'User is activated. ID = 229', '2021-11-04 01:33:44', 'Y'),
(645, 'Add User', 1, 'User is activated. ID = 231', '2021-11-04 01:33:47', 'Y'),
(646, 'Add User', 1, 'User is deactivated. ID = 227', '2021-11-04 01:36:21', 'Y'),
(647, 'Add User', 1, 'User is activated. ID = 227', '2021-11-04 01:36:31', 'Y'),
(648, 'Add User', 1, 'User is deactivated. ID = 226', '2021-11-04 01:37:08', 'Y'),
(649, 'Add User', 1, 'User is activated. ID = 226', '2021-11-04 01:37:14', 'Y'),
(650, 'Add User', 1, 'User is deactivated. ID = 222', '2021-11-04 01:44:00', 'Y'),
(651, 'Add Patient', 1, 'Patient is deactivated. ID = 220', '2021-11-04 02:40:24', 'Y'),
(652, 'Add Patient', 1, 'Patient is activated. ID = 220', '2021-11-04 02:40:26', 'Y'),
(653, 'Add User', 1, 'User is activated. ID = 222', '2021-11-04 03:43:22', 'Y');
INSERT INTO `tbl_logs` (`id`, `vPage`, `iUserID`, `tDes`, `dDateTime`, `cEnable`) VALUES
(654, 'Add Availability', 1, 'Availability is activated. ID = 33', '2021-11-04 10:23:59', 'Y'),
(655, 'Add Availability', 1, 'Availability is deactivated. ID = 33', '2021-11-04 10:24:08', 'Y'),
(656, 'Add Availability', 1, 'Availability is activated. ID = 32', '2021-11-04 17:52:34', 'Y'),
(657, 'Add Availability', 1, 'Availability is deactivated. ID = 32', '2021-11-04 17:52:37', 'Y'),
(658, 'Add Availability', 1, 'New Shedule added', '2021-11-04 17:56:24', 'Y'),
(659, 'Logout', 1, 'Sign out from system', '2021-11-04 19:47:01', 'Y'),
(660, 'Check Availability', 220, 'New Appointment added', '2021-11-04 20:14:43', 'Y'),
(661, 'Logout', 220, 'Sign out from system', '2021-11-04 20:15:27', 'Y'),
(662, 'Add Availability', 1, 'New Shedule added', '2021-11-05 00:16:32', 'Y'),
(663, 'Check Availability', 1, 'New Appointment added', '2021-11-05 00:17:21', 'Y'),
(664, 'Check Availability', 1, 'New Appointment added', '2021-11-05 00:18:01', 'Y'),
(665, 'Check Availability', 1, 'New Appointment added', '2021-11-05 00:18:21', 'Y'),
(666, 'Check Availability', 1, 'New Appointment added', '2021-11-05 00:18:40', 'Y'),
(667, 'Add Availability', 1, 'Shedule data updated ', '2021-11-05 00:52:37', 'Y'),
(668, 'Add appointment', 1, 'appointment is deactivated. ID = 120', '2021-11-05 01:42:31', 'Y'),
(669, 'Add appointment', 1, 'appointment is activated. ID = 120', '2021-11-05 01:42:33', 'Y'),
(670, 'Logout', 1, 'Sign out from system', '2021-11-05 03:18:41', 'Y'),
(671, 'Add User', 1, 'User details updated. User Id: 231 ', '2021-11-05 03:20:18', 'Y'),
(672, 'Logout', 1, 'Sign out from system', '2021-11-05 03:20:25', 'Y'),
(673, 'Logout', 231, 'Sign out from system', '2021-11-05 03:21:25', 'Y'),
(674, 'Add Availability', 1, 'New Shedule added', '2021-11-05 14:51:21', 'Y'),
(675, 'Check Availability', 1, 'New Appointment added', '2021-11-05 14:51:54', 'Y'),
(676, 'Add Prescription', 1, 'Prescription Data has been Deleted', '2021-11-05 19:23:30', 'Y'),
(677, 'Add Prescription', 1, 'prescription has been deleted ID = 34', '2021-11-05 19:23:30', 'Y'),
(678, 'Add Prescription', 1, 'prescription data updated ', '2021-11-05 19:25:02', 'Y'),
(679, 'Add Prescription', 1, 'New Prescription added', '2021-11-05 20:52:58', 'Y'),
(680, 'Logout', 1, 'Sign out from system', '2021-11-05 21:09:13', 'Y'),
(681, 'Logout', 246, 'Sign out from system', '2021-11-05 22:27:52', 'Y'),
(682, 'Add Prescription', 1, 'New Prescription added', '2021-11-05 22:34:55', 'Y'),
(683, 'Add Prescription', 1, 'prescription data updated ', '2021-11-05 22:51:29', 'Y'),
(684, 'Add Prescription', 1, 'prescription data updated ', '2021-11-05 23:52:27', 'Y'),
(685, 'Add Availability', 1, 'New Shedule added', '2021-11-06 01:24:11', 'Y'),
(686, 'Check Availability', 1, 'New Appointment added', '2021-11-06 01:24:27', 'Y'),
(687, 'Check Availability', 1, 'New Appointment added', '2021-11-06 01:24:36', 'Y'),
(688, 'Add Prescription', 1, 'New Prescription added', '2021-11-06 01:28:05', 'Y'),
(689, 'Add Prescription', 1, 'prescription data updated ', '2021-11-06 01:36:40', 'Y'),
(690, 'Add Prescription', 1, 'New Prescription added', '2021-11-06 01:38:04', 'Y'),
(691, 'Add Prescription', 1, 'prescription data updated ', '2021-11-06 01:43:41', 'Y'),
(692, 'Add Prescription', 1, 'prescription data updated ', '2021-11-06 01:59:56', 'Y'),
(693, 'Logout', 1, 'Sign out from system', '2021-11-06 02:14:57', 'Y'),
(694, 'Logout', 246, 'Sign out from system', '2021-11-06 02:38:28', 'Y'),
(695, 'Add Prescription', 1, 'prescription data updated ', '2021-11-06 04:23:45', 'Y'),
(696, 'Add Prescription', 1, 'Prescription Data has been Deleted', '2021-11-06 04:25:48', 'Y'),
(697, 'Add Prescription', 1, 'prescription has been deleted ID = 38', '2021-11-06 04:25:48', 'Y'),
(698, 'Add Prescription', 1, 'Prescription Data has been Deleted', '2021-11-06 04:25:59', 'Y'),
(699, 'Add Prescription', 1, 'prescription has been deleted ID = 39', '2021-11-06 04:25:59', 'Y'),
(700, 'Add Prescription', 1, 'prescription data updated ', '2021-11-06 05:04:39', 'Y'),
(701, 'Logout', 1, 'Sign out from system', '2021-11-06 05:09:37', 'Y'),
(702, 'Logout', 220, 'Sign out from system', '2021-11-06 05:11:26', 'Y'),
(703, 'Logout', 222, 'Sign out from system', '2021-11-06 14:46:13', 'Y'),
(704, 'Logout', 220, 'Sign out from system', '2021-11-06 14:48:11', 'Y'),
(705, 'Add Availability', 222, 'New Shedule added', '2021-11-06 14:49:21', 'Y'),
(706, 'Add Availability', 222, 'New Shedule added', '2021-11-06 14:50:03', 'Y'),
(707, 'Add Availability', 222, 'New Shedule added', '2021-11-06 14:51:11', 'Y'),
(708, 'Logout', 222, 'Sign out from system', '2021-11-06 14:52:12', 'Y'),
(709, 'Logout', 1, 'Sign out from system', '2021-11-06 14:52:47', 'Y'),
(710, 'View Profile', 220, 'password data has been updated', '2021-11-06 14:57:34', 'Y'),
(711, 'Check Availability', 220, 'New Appointment added', '2021-11-06 15:00:00', 'Y'),
(712, 'Logout', 220, 'Sign out from system', '2021-11-06 15:02:20', 'Y'),
(713, 'Logout', 222, 'Sign out from system', '2021-11-06 15:07:28', 'Y'),
(714, 'Add Prescription', 223, 'New Prescription added', '2021-11-06 15:12:35', 'Y'),
(715, 'Logout', 223, 'Sign out from system', '2021-11-06 15:15:03', 'Y'),
(716, 'Logout', 236, 'Sign out from system', '2021-11-06 15:17:52', 'Y'),
(717, 'Add Prescription', 223, 'prescription data updated ', '2021-11-06 15:18:23', 'Y'),
(718, 'Logout', 223, 'Sign out from system', '2021-11-06 15:18:29', 'Y'),
(719, 'Logout', 236, 'Sign out from system', '2021-11-06 15:23:52', 'Y'),
(720, 'Logout', 1, 'Sign out from system', '2021-11-06 17:19:00', 'Y'),
(721, 'Logout', 220, 'Sign out from system', '2021-11-06 17:21:53', 'Y'),
(722, 'Logout', 222, 'Sign out from system', '2021-11-06 17:22:53', 'Y'),
(723, 'Logout', 1, 'Sign out from system', '2021-11-06 17:29:53', 'Y'),
(724, 'Logout', 1, 'Sign out from system', '2021-11-06 17:31:35', 'Y'),
(725, 'Logout', 222, 'Sign out from system', '2021-11-06 17:38:35', 'Y'),
(726, 'Check Availability', 220, 'New Appointment added', '2021-11-06 17:39:52', 'Y'),
(727, 'Logout', 220, 'Sign out from system', '2021-11-06 17:41:36', 'Y'),
(728, 'Logout', 223, 'Sign out from system', '2021-11-06 17:44:45', 'Y'),
(729, 'Logout', 236, 'Sign out from system', '2021-11-06 17:50:32', 'Y'),
(730, 'Add Availability', 1, 'New Shedule added', '2021-11-06 21:20:11', 'Y'),
(731, 'Add Availability', 1, 'Shedule data updated ', '2021-11-06 21:20:25', 'Y'),
(732, 'Logout', 1, 'Sign out from system', '2021-11-06 22:15:23', 'Y'),
(733, 'Logout', 220, 'Sign out from system', '2021-11-06 22:16:08', 'Y'),
(734, 'Check Availability', 1, 'New Appointment added', '2021-11-06 22:16:57', 'Y'),
(735, 'Check Availability', 1, 'New Appointment added', '2021-11-06 22:17:15', 'Y'),
(736, 'Check Availability', 1, 'New Appointment added', '2021-11-06 22:17:34', 'Y'),
(737, 'Check Availability', 1, 'New Appointment added', '2021-11-06 22:18:12', 'Y'),
(738, 'Add Prescription', 1, 'prescription data updated ', '2021-11-06 22:40:20', 'Y'),
(739, 'Add Prescription', 1, 'prescription data updated ', '2021-11-06 22:41:12', 'Y'),
(740, 'Add Prescription', 1, 'New Prescription added', '2021-11-07 00:09:04', 'Y'),
(741, 'Add Availability', 1, 'New Shedule added', '2021-11-07 01:33:51', 'Y'),
(742, 'Logout', 1, 'Sign out from system', '2021-11-07 01:42:21', 'Y'),
(743, 'Logout', 1, 'Sign out from system', '2021-11-07 01:42:59', 'Y'),
(744, 'Logout', 222, 'Sign out from system', '2021-11-07 01:45:52', 'Y'),
(745, 'Logout', 220, 'Sign out from system', '2021-11-07 01:49:30', 'Y'),
(746, 'Logout', 223, 'Sign out from system', '2021-11-07 01:53:18', 'Y'),
(747, 'Logout', 236, 'Sign out from system', '2021-11-07 01:57:34', 'Y'),
(748, 'Logout', 1, 'Sign out from system', '2021-11-07 09:02:48', 'Y'),
(749, 'Logout', 222, 'Sign out from system', '2021-11-07 09:07:30', 'Y'),
(750, 'Logout', 220, 'Sign out from system', '2021-11-07 09:09:45', 'Y'),
(751, 'Logout', 223, 'Sign out from system', '2021-11-07 09:14:28', 'Y'),
(752, 'Logout', 236, 'Sign out from system', '2021-11-07 09:20:02', 'Y'),
(753, 'Logout', 1, 'Sign out from system', '2021-11-07 12:45:33', 'Y'),
(754, 'Logout', 222, 'Sign out from system', '2021-11-07 12:48:41', 'Y'),
(755, 'Logout', 220, 'Sign out from system', '2021-11-07 12:51:23', 'Y'),
(756, 'Logout', 223, 'Sign out from system', '2021-11-07 12:54:21', 'Y'),
(757, 'Logout', 236, 'Sign out from system', '2021-11-07 13:06:28', 'Y'),
(758, 'Logout', 1, 'Sign out from system', '2021-11-07 14:21:46', 'Y'),
(759, 'Logout', 1, 'Sign out from system', '2021-11-07 14:22:28', 'Y'),
(760, 'Logout', 1, 'Sign out from system', '2021-11-07 15:14:43', 'Y'),
(761, 'Add Patient', 222, 'New user registered. Name: ', '2021-11-07 15:16:53', 'Y'),
(762, 'Add Availability', 222, 'New Shedule added', '2021-11-07 15:17:42', 'Y'),
(763, 'Logout', 222, 'Sign out from system', '2021-11-07 15:18:33', 'Y'),
(764, 'Check Availability', 220, 'New Appointment added', '2021-11-07 15:20:02', 'Y'),
(765, 'Logout', 220, 'Sign out from system', '2021-11-07 15:20:35', 'Y'),
(766, 'Add Prescription', 223, 'New Prescription added', '2021-11-07 15:22:59', 'Y'),
(767, 'Add Prescription', 223, 'prescription data updated ', '2021-11-07 15:23:36', 'Y'),
(768, 'Logout', 223, 'Sign out from system', '2021-11-07 15:24:24', 'Y'),
(769, 'Logout', 236, 'Sign out from system', '2021-11-07 15:27:57', 'Y'),
(770, 'Add Prescription', 1, 'Prescription is deactivated. ID = 43', '2021-11-07 15:44:14', 'Y'),
(771, 'Add appointment', 1, 'appointment is deactivated. ID = 133', '2021-11-07 15:48:25', 'Y'),
(772, 'Add Patient', 1, 'Patient is deactivated. ID = 226', '2021-11-07 15:49:18', 'Y'),
(773, 'Add Patient', 1, 'Patient is activated. ID = 226', '2021-11-07 15:49:24', 'Y'),
(774, 'Add Prescription', 1, 'New Prescription added', '2021-11-07 16:29:14', 'Y'),
(775, 'Add Prescription', 1, 'New Prescription added', '2021-11-07 16:31:22', 'Y'),
(776, 'Add Prescription', 1, 'New Prescription added', '2021-11-07 16:42:53', 'Y'),
(777, 'Add Prescription', 1, 'New Prescription added', '2021-11-07 16:51:34', 'Y'),
(778, 'Add Prescription', 1, 'New Prescription added', '2021-11-07 16:56:17', 'Y'),
(779, 'Add Prescription', 1, 'New Prescription added', '2021-11-07 16:58:35', 'Y'),
(780, 'Add Prescription', 1, 'New Prescription added', '2021-11-07 17:00:23', 'Y'),
(781, 'Add Prescription', 1, 'New Prescription added', '2021-11-07 17:05:29', 'Y'),
(782, 'Add Prescription', 1, 'New Prescription added', '2021-11-07 17:07:28', 'Y'),
(783, 'Add Prescription', 1, 'New Prescription added', '2021-11-07 17:14:28', 'Y'),
(784, 'Add Prescription', 1, 'New Prescription added', '2021-11-07 17:16:23', 'Y'),
(785, 'Add Prescription', 1, 'New Prescription added', '2021-11-07 17:17:39', 'Y'),
(786, 'Add Prescription', 1, 'New Prescription added', '2021-11-07 17:27:34', 'Y'),
(787, 'Logout', 1, 'Sign out from system', '2021-11-08 01:00:51', 'Y'),
(788, 'Logout', 220, 'Sign out from system', '2021-11-08 01:01:50', 'Y'),
(789, 'Logout', 223, 'Sign out from system', '2021-11-08 01:02:41', 'Y'),
(790, 'Logout', 222, 'Sign out from system', '2021-11-08 01:03:28', 'Y'),
(791, 'Logout', 236, 'Sign out from system', '2021-11-08 01:04:57', 'Y'),
(792, 'Logout', 1, 'Sign out from system', '2021-11-08 01:09:46', 'Y'),
(793, 'Logout', 222, 'Sign out from system', '2021-11-08 01:15:55', 'Y'),
(794, 'Logout', 220, 'Sign out from system', '2021-11-08 01:22:42', 'Y'),
(795, 'Add Prescription', 1, 'Prescription Data has been Deleted', '2021-11-08 01:23:12', 'Y'),
(796, 'Add Prescription', 1, 'prescription has been deleted ID = 57', '2021-11-08 01:23:12', 'Y'),
(797, 'Add Prescription', 1, 'Prescription Data has been Deleted', '2021-11-08 01:23:16', 'Y'),
(798, 'Add Prescription', 1, 'prescription has been deleted ID = 56', '2021-11-08 01:23:16', 'Y'),
(799, 'Add Prescription', 1, 'Prescription Data has been Deleted', '2021-11-08 01:23:29', 'Y'),
(800, 'Add Prescription', 1, 'prescription has been deleted ID = 55', '2021-11-08 01:23:29', 'Y'),
(801, 'Add Prescription', 1, 'Prescription Data has been Deleted', '2021-11-08 01:24:10', 'Y'),
(802, 'Add Prescription', 1, 'prescription has been deleted ID = 53', '2021-11-08 01:24:10', 'Y'),
(803, 'Add Prescription', 1, 'prescription data updated ', '2021-11-08 01:24:34', 'Y'),
(804, 'Logout', 1, 'Sign out from system', '2021-11-08 01:24:48', 'Y'),
(805, 'Logout', 220, 'Sign out from system', '2021-11-08 01:25:27', 'Y'),
(806, 'Add Prescription', 1, 'prescription data updated ', '2021-11-08 01:26:09', 'Y'),
(807, 'Logout', 1, 'Sign out from system', '2021-11-08 01:26:14', 'Y'),
(808, 'Logout', 1, 'Sign out from system', '2021-11-08 01:26:29', 'Y'),
(809, 'Logout', 220, 'Sign out from system', '2021-11-08 01:28:00', 'Y'),
(810, 'Logout', 223, 'Sign out from system', '2021-11-08 01:32:33', 'Y'),
(811, 'Logout', 236, 'Sign out from system', '2021-11-08 01:37:18', 'Y'),
(812, 'Logout', 1, 'Sign out from system', '2021-12-04 00:33:54', 'Y');

-- --------------------------------------------------------

--
-- Table structure for table `tbl_prescription`
--

DROP TABLE IF EXISTS `tbl_prescription`;
CREATE TABLE IF NOT EXISTS `tbl_prescription` (
  `id` int(11) NOT NULL AUTO_INCREMENT,
  `iP_id` int(11) NOT NULL,
  `d_id` int(11) NOT NULL,
  `iAppointmentNumber` int(11) NOT NULL,
  `dDate` date NOT NULL,
  `iAge` int(11) NOT NULL,
  `tDescription` text NOT NULL,
  `cEnable` char(1) NOT NULL,
  `fReport` varchar(255) DEFAULT NULL,
  PRIMARY KEY (`id`),
  KEY `f_key_p` (`iP_id`),
  KEY `f_key_d` (`d_id`)
) ENGINE=InnoDB AUTO_INCREMENT=55 DEFAULT CHARSET=latin1;

--
-- Dumping data for table `tbl_prescription`
--

INSERT INTO `tbl_prescription` (`id`, `iP_id`, `d_id`, `iAppointmentNumber`, `dDate`, `iAge`, `tDescription`, `cEnable`, `fReport`) VALUES
(24, 220, 223, 1, '2021-09-25', 35, 'Priton 10 days BD, \r\nE 10days D', 'Y', '1632517489test.jpg'),
(25, 232, 223, 2, '2021-09-25', 40, 'E 10 days D,\r\nPiriton 5days BD', 'Y', NULL),
(26, 226, 223, 3, '2021-09-25', 65, 'Donpridone 5days B,   \r\nCvitamin 10days D', 'Y', NULL),
(27, 235, 223, 4, '2021-09-25', 4, 'Donpridone 5 days BD', 'Y', NULL),
(28, 234, 223, 5, '2021-09-25', 60, 'Atovastin 30 days BD', 'Y', '1632517974test.jpg'),
(29, 220, 223, 1, '2021-09-24', 35, 'Cetrazine 30days D', 'Y', ''),
(30, 226, 223, 2, '2021-09-24', 65, 'Zinco 7.25ml BD', 'Y', NULL),
(31, 237, 223, 6, '2021-09-25', 5, 'Ceterzine 80 Days', 'Y', NULL),
(33, 227, 223, 1, '2021-09-26', 45, 'Piroton 10 D', 'Y', '1632656120test.jpg'),
(35, 231, 223, 1, '2021-10-27', 35, 'E viatamin 5days Night,\r\nDmax 10days Morning', 'Y', ''),
(54, 220, 223, 2, '2021-11-07', 35, 'wwwwww', 'Y', '');

-- --------------------------------------------------------

--
-- Table structure for table `tbl_prescription_detail`
--

DROP TABLE IF EXISTS `tbl_prescription_detail`;
CREATE TABLE IF NOT EXISTS `tbl_prescription_detail` (
  `id` int(11) NOT NULL AUTO_INCREMENT,
  `iPrescriptionId` int(11) NOT NULL,
  `iDrugId` int(11) NOT NULL,
  `iQuantity` int(11) NOT NULL,
  `Dusage` varchar(255) DEFAULT NULL,
  `cEnable` char(1) NOT NULL,
  PRIMARY KEY (`id`),
  KEY `iInvoiceId` (`iPrescriptionId`),
  KEY `f_drugi` (`iDrugId`)
) ENGINE=InnoDB AUTO_INCREMENT=53 DEFAULT CHARSET=latin1;

--
-- Dumping data for table `tbl_prescription_detail`
--

INSERT INTO `tbl_prescription_detail` (`id`, `iPrescriptionId`, `iDrugId`, `iQuantity`, `Dusage`, `cEnable`) VALUES
(3, 46, 4, 3, 'sdf', 'Y'),
(4, 46, 21, 5, 'sef', 'Y'),
(5, 35, 22, 10, 'night', 'Y'),
(6, 36, 11, 1, '30days at night', 'Y'),
(13, 38, 4, 2, 'wwss', 'Y'),
(14, 38, 21, 77, 'ddss', 'Y'),
(15, 38, 5, 34, 'ffss', 'Y'),
(22, 40, 14, 23, '', 'Y'),
(23, 40, 19, 1, '5days morning', 'Y'),
(24, 40, 23, 1, '5days Night', 'Y'),
(27, 37, 19, 1, '5days night', 'Y'),
(32, 41, 14, 1, '4 Days morning', 'Y'),
(33, 42, 19, 1, 'Morning after meal 10days', 'Y'),
(34, 42, 10, 1, 'when you need', 'Y'),
(35, 43, 23, 1, 'Morning after meal 10days', 'Y'),
(48, 55, 11, 1, 'nn', 'Y'),
(49, 56, 19, 1, 'ee', 'Y'),
(50, 57, 19, 1, '1', 'Y'),
(52, 54, 19, 1, '1', 'Y');

-- --------------------------------------------------------

--
-- Table structure for table `tbl_user`
--

DROP TABLE IF EXISTS `tbl_user`;
CREATE TABLE IF NOT EXISTS `tbl_user` (
  `id` int(11) NOT NULL AUTO_INCREMENT,
  `vTitle` varchar(50) NOT NULL,
  `vUserName` varchar(200) NOT NULL DEFAULT '',
  `pPassword` varchar(100) NOT NULL DEFAULT '',
  `vFirstName` varchar(100) NOT NULL DEFAULT '',
  `vLastName` varchar(100) NOT NULL DEFAULT '',
  `dRegDate` date DEFAULT NULL,
  `cEnable` char(1) NOT NULL,
  `vEmail` varchar(100) NOT NULL,
  `vContactNo` varchar(100) NOT NULL,
  `iUserType` int(11) NOT NULL,
  `tAddress` text NOT NULL,
  `fProfilePic` varchar(100) DEFAULT NULL,
  `dLastUpDate` datetime DEFAULT NULL,
  PRIMARY KEY (`id`),
  KEY `iUser_type_id` (`iUserType`),
  KEY `vLogin` (`vUserName`),
  KEY `vPassword` (`pPassword`)
) ENGINE=InnoDB AUTO_INCREMENT=249 DEFAULT CHARSET=latin1;

--
-- Dumping data for table `tbl_user`
--

INSERT INTO `tbl_user` (`id`, `vTitle`, `vUserName`, `pPassword`, `vFirstName`, `vLastName`, `dRegDate`, `cEnable`, `vEmail`, `vContactNo`, `iUserType`, `tAddress`, `fProfilePic`, `dLastUpDate`) VALUES
(1, 'Miss.', 'lakmini', '25f43b1486ad95a1398e3eeb3d83bc4010015fcc9bedb35b432e00298d5021f7', 'Lakmini', 'Rupasinghe', '2021-06-04', 'Y', 'lakminitest@gmail.com', '(077) 220-7363', 1, 'test address', '211102041145logo min.jpg', '2021-09-24 20:56:21'),
(220, 'Mr.', 'nilanga', '05e0f655188ca225caa51ef0479bd6b4e4cd6dcd8d466b151bc1e67653142d32', 'Nilanga', 'Senaratha', '2021-06-03', 'Y', 'lakudesh@gmail.com', '(077) 228-8414', 34, 'Meegoda', '210604220610clinicflat.png', '2021-11-02 23:22:31'),
(222, 'Miss.', 'chamodya', '389230fa43e472a8db033036e541ab8577f289a594c227beef9c77f303694c0b', 'Chamodya', 'Silva', '2021-06-03', 'Y', 'chamodya@gmail.com', '(077) 446-6992', 35, 'Athurugiriya', NULL, '2021-06-03 22:36:12'),
(223, 'Mr.', 'kamal', 'f7182c25910bedf2391787d78ab027e6ab01d2b9d89af0c64566309d214b994e', 'Dr. Kamal', 'Nanayakkara', '2021-06-04', 'Y', 'kamal@gmail.com', '(077) 888-8888', 33, 'Piliyandala', NULL, '2021-09-25 02:31:03'),
(226, 'Mr.', 'somasiri', '1c20b8a6d40b6cead7d24a402530f6260d8b90799eb4cff30b252d401cf15c2a', 'Somasiri', 'Senarath', '2021-06-11', 'Y', 'somasiri@gmail.com', '(077) 666-6666', 34, 'Meegoda', NULL, '2021-06-11 18:03:56'),
(227, 'Mrs.', 'ramya', '271296fd5707f72b9d106d679b7f2f6b58694fef075b3d8b5ae18ebecaa2d289', 'Ramya', 'Rupasingha', '2021-06-11', 'Y', 'ramya@gmail.com', '(011) 222-2222', 34, 'Habarakada', NULL, '2021-06-11 18:06:06'),
(229, 'Mr.', 'randika', '07d82c1d092286484cdc40e5ae08d67e53b9f3ac90e46b2bbf9396f5df0d2482', 'Randika', 'Gamage', '2021-06-11', 'Y', 'randika@gmail.com', '(011) 777-7777', 34, 'Panagoda', NULL, '2021-06-11 18:11:54'),
(231, 'Miss.', 'umali', '0b3c06081434b96068f651813dc0c5cdd7f5d9c06bb3366b21f5f087d4fcc30c', 'Umali', 'Pathirage', '2021-06-11', 'Y', 'umali@gmail.com', '(077) 999-9999', 34, 'Meegoda', NULL, '2021-11-05 03:20:18'),
(232, 'Mrs.', 'kalani', '0596d84c25d876d66e8ce634b550464349547fb3239ffe725d0dda622fc5cc09', 'Kalani', 'Ranaweera', '2021-06-11', 'Y', 'kalami@gmail.com', '(077) 788-8888', 34, 'Pitipana', NULL, '2021-06-11 18:20:00'),
(233, 'Mr.', 'iresha', 'c89b8b1b8679d1f6d6587dbbe33a0b15a24b3b58cde6f8a483733a43fd37c626', 'Iresha', 'Samarawikrama', '2021-06-11', 'Y', 'iresh@gmail.com', '(071) 555-5555', 34, 'Habarakada', NULL, '2021-06-11 18:24:10'),
(234, 'Mr.', 'lal', '303248300b2d395a8914adf401b2d4283da416e2ade0eb223dc232b9f96c358c', 'Lal', 'Piyathilaka', '2021-09-18', 'Y', 'lallal@gmail.com', '(077) 999-9999', 34, 'Habarakada', NULL, '2021-09-22 01:11:30'),
(235, 'Baby.', 'hiruki', '8f7cafe4d695c551605b370f87cfc1be6f3851309db12beb4112f2891eedbfa1', 'Hiruki', 'Senaratharachchi', '2021-09-20', 'Y', 'hiruki@gmail.com', '(077) 222-2221', 34, 'Habarakada', NULL, '2021-09-25 00:18:52'),
(236, 'Miss.', 'lithara', '24d620f4ca9faee45e522ce0b637efc044e5bf43ed7e5060e8343efcf3ab6bca', 'Lithara', 'Rupasingha', '2021-09-24', 'Y', 'lithara@gmail.com', '(077) 222-2555', 36, 'Habarakada', NULL, '2021-09-24 20:19:24'),
(237, 'Baby.', 'yasara', '004167dfcb98988b7e8911bad8637ca47cbff2583728cbf7c7ed1a240b3074c1', 'Yasara', 'Perera', '2021-09-25', 'Y', 'test@email.com', '(077) 777-7777', 34, 'Habarakada', NULL, '2021-09-25 00:38:19'),
(238, 'Miss.', 'himasha', 'ae805919b152499e05a0c69dd231910409216bbc0b44ed97577fa53cf8ef6781', 'Himasha', 'Jayasooriya', '2021-09-25', 'Y', 'himasha@gmail.com', '(071) 555-5555', 34, 'Hoamama', NULL, '2021-09-25 00:40:07'),
(240, 'Miss.', 'thilani', 'dc3bfaf93335e8f7ece52355b12653245c7518271578424df0f3aec29a77892d', 'Thilani', 'Elvitigala', '2021-09-25', 'Y', 'thilani@gmail.com', '(071) 888-8888', 34, 'Homagama', NULL, '2021-09-25 20:18:57'),
(241, 'Baby.', 'hiruweera', '8d969eef6ecad3c29a3a629280e686cf0c3f5d5a86aff3ca12020c923adc6c92', 'Hiru', 'Werasooriya', '2021-09-26', 'Y', 'lakude@gmail.com', '(077) 777-7777', 34, 'Habarakada', NULL, '2021-09-26 17:01:05'),
(242, 'Mrs.', 'kamala', 'f55691905ea9d976540903a4686ad49d65518033a2d8fc8808ca55de2e26e292', 'Pathum', 'Rupasingha', '2021-09-26', 'Y', 'lithara@gmail.com', '(071) 111-1111', 34, 'Habarakada', NULL, '2021-09-26 18:18:40'),
(246, 'Mr.', 'kasun', 'e2794c5c295f0e368eb8d17d84449e5af23b413f2347a8d816c7ff8293357bcc', 'Kasun', 'Gunarathne', '2021-10-30', 'Y', 'kasun@gmail.com', '(071) 717-1717', 34, 'Habarakada', NULL, '2021-10-30 20:25:36'),
(247, 'Miss.', 'vindyani', '051fbb8401fc36448faa1ccc5936bbb1bce95c8a303a02d5b41b4e1006a4ab89', 'Vindyani', 'Chandrasiri', '2021-11-03', 'Y', 'vindyani@gmail.com', '(071) 858-5858', 34, 'Athurugiriya', NULL, '2021-11-03 23:45:57'),
(248, 'Miss.', 'nimalip', '4b49f47ed4c09a20336c537aee48e0a735753fbfba8d9dc1af19f089aebd6652', 'Nimali', 'Perera', '2021-11-07', 'Y', 'nimali@gmail.com', '(017) 859-6666', 34, 'Habarakada', NULL, '2021-11-07 15:16:52');

-- --------------------------------------------------------

--
-- Table structure for table `tbl_user_type`
--

DROP TABLE IF EXISTS `tbl_user_type`;
CREATE TABLE IF NOT EXISTS `tbl_user_type` (
  `id` int(11) NOT NULL AUTO_INCREMENT,
  `vAccTypeName` varchar(255) NOT NULL,
  `vAccDescription` varchar(255) NOT NULL,
  `dSaveDate` datetime NOT NULL,
  `dLastUpDate` datetime DEFAULT NULL,
  `cEnable` char(11) NOT NULL,
  `vUserStatus` char(5) DEFAULT NULL,
  `vNotView` char(5) DEFAULT NULL,
  PRIMARY KEY (`id`)
) ENGINE=InnoDB AUTO_INCREMENT=37 DEFAULT CHARSET=latin1;

--
-- Dumping data for table `tbl_user_type`
--

INSERT INTO `tbl_user_type` (`id`, `vAccTypeName`, `vAccDescription`, `dSaveDate`, `dLastUpDate`, `cEnable`, `vUserStatus`, `vNotView`) VALUES
(1, 'Super Administrator', '', '2021-09-25 17:24:05', '2021-09-25 17:24:05', 'Y', 'SUPAD', ''),
(33, 'Doctor', '', '2021-09-20 15:29:37', '2021-09-20 15:29:37', 'Y', NULL, NULL),
(34, 'Patient', '', '2021-09-24 01:57:43', '2021-09-24 01:57:43', 'Y', NULL, NULL),
(35, 'Receptionist', '', '2021-09-09 13:06:36', '2021-09-09 13:06:36', 'Y', NULL, NULL),
(36, 'Pharmacy Counter Clerk', '', '2021-09-25 17:22:54', '2021-09-25 17:22:54', 'Y', NULL, NULL);

--
-- Constraints for dumped tables
--

--
-- Constraints for table `tbl_appointment`
--
ALTER TABLE `tbl_appointment`
  ADD CONSTRAINT `f_sched` FOREIGN KEY (`iShedule_id`) REFERENCES `tbl_doctor_schedule` (`id`) ON DELETE NO ACTION ON UPDATE NO ACTION;

--
-- Constraints for table `tbl_invoice_detail`
--
ALTER TABLE `tbl_invoice_detail`
  ADD CONSTRAINT `f_drugi` FOREIGN KEY (`iDrugId`) REFERENCES `tbl_drug` (`id`),
  ADD CONSTRAINT `tbl_invoice_detail_ibfk_1` FOREIGN KEY (`iInvoiceId`) REFERENCES `tbl_invoice_header` (`id`) ON DELETE NO ACTION ON UPDATE NO ACTION;

--
-- Constraints for table `tbl_prescription`
--
ALTER TABLE `tbl_prescription`
  ADD CONSTRAINT `f_key_p` FOREIGN KEY (`iP_id`) REFERENCES `tbl_user` (`id`) ON DELETE NO ACTION ON UPDATE NO ACTION;

--
-- Constraints for table `tbl_user`
--
ALTER TABLE `tbl_user`
  ADD CONSTRAINT `f_key` FOREIGN KEY (`iUserType`) REFERENCES `tbl_user_type` (`id`) ON DELETE NO ACTION ON UPDATE NO ACTION;
COMMIT;

/*!40101 SET CHARACTER_SET_CLIENT=@OLD_CHARACTER_SET_CLIENT */;
/*!40101 SET CHARACTER_SET_RESULTS=@OLD_CHARACTER_SET_RESULTS */;
/*!40101 SET COLLATION_CONNECTION=@OLD_COLLATION_CONNECTION */;
